# Matched RV32IM W8T32 controls, 2026-09-16.
# Source snapshot committed as 38c56304f; one core, F/D disabled, L2/L3 off.
# All arms use the SAME final half-bank NTT + KSG25 + KROUND25 core; pointer off.
# CONFIGS=-DVX_CFG_EXT_F_DISABLE -DVX_CFG_EXT_D_DISABLE -DVX_CFG_EXT_NTT_ENABLE
# -DVX_CFG_EXT_KSG25_ENABLE -DVX_CFG_EXT_KROUND25_ENABLE
# -DVX_CFG_NUM_WARPS=8 -DVX_CFG_NUM_THREADS=32.
# Local soft-ABI libc32/libcrt32 from ../toolchains-im; ELF flags=0, no FP/atomics.
# Raw ELF/vxbin/disassembly, build flags, and logs are archived beside each log.
# result/kat describe numerical correctness. parity_status is a separate check:
# exact retired instructions and <=5% abs(SimX-XRT)/XRT whole-launch cycle gap.
# Unpaired measurements are not_checked; FAIL is retained, never waived.
# Microbenchmark: host initializes all states and verifies every output word.
# CTA barriers isolate all warp setup/output from the timed global span.
# span_cycles=max(end)-min(start); normalize by batch*states*permutations.
# SG1 C/PQRV: one state/lane, max 32 states/warp. SG5: five lanes/state, max 6.
# SG25: 25 state lanes, one state/warp. SG5 retains two transpose fences/round.
# Mapping controls sample 1 and maximum states/warp; not an exhaustive occupancy sweep.
# stage_loop uses THETA=RHOPI=CHII=1; stage_unrolled additionally UNROLL=1.
# kround uses KROUND=1 with literal rounds. sg25_sw has all four ISE flags zero.
# Disassembly in both micro/KEM: looped Stage=44 B (6 static stage ops + branch),
# unrolled Stage=676 B (144 stage ops, no branch), KROUND=196 B (48 ops, no branch).
# SG5's two timing checks FAIL the unchanged 5% gate. SimX omits RTL cache flush
# on fence; the numerical PASS must not be presented as timing-model agreement.
# Existing lsu_model_probe diagnostics use this core, M1/L32, 384 rounds.
# Below: mode,SimX_interval,XRT_interval,retired_instructions (equal both drivers).
# empty,28652,28194,2770
# clean,32131,44343,3154
# dirty,59981,78838,6244
# barrier,35245,35554,3160
# barrier_dirty,71161,71851,7015
# Probe raw logs: build32_im/tests/pqc/lsu_model_probe/matched_controls/.
arm,driver,warps,threads,batch,states_per_warp,permutations_per_state,retired_instructions,device_cycles,kernel_sha256,result,log,completed_permutations,span_cycles,cycles_per_completed_permutation,unroll,parity_status,cycle_gap_pct,log_sha256
stage_unrolled,simx,8,32,1,1,4,804,17210,6846b10a9bbff100027c1e9f6d0f36bfc56b4dc4a2b52db2c78efb1396af22c4,PASS,build32_im/tests/pqc/keccak_sg25/matched_controls/stage_unrolled/simx_m1_n1_p4.log,4,6694,1673.500,1,not_checked,,d0f25c7488cd1615f25bedf7f078d9f398d9468e8d619f0f6aba2b69f41af6e2
stage_unrolled,simx,8,32,1,1,8,1492,23526,6846b10a9bbff100027c1e9f6d0f36bfc56b4dc4a2b52db2c78efb1396af22c4,PASS,build32_im/tests/pqc/keccak_sg25/matched_controls/stage_unrolled/simx_m1_n1_p8.log,8,13010,1626.250,1,not_checked,,c9d507eed7a76eaca4233ffa06a5f63ff7cacb41bd0210d5fae64ff44894bd0e
stage_unrolled,simx,8,32,1,1,64,11124,111950,6846b10a9bbff100027c1e9f6d0f36bfc56b4dc4a2b52db2c78efb1396af22c4,PASS,build32_im/tests/pqc/keccak_sg25/matched_controls/stage_unrolled/simx_m1_n1_p64.log,64,101434,1584.906,1,PASS,0.245353,7c5a9532eafac880bc9026aa55208d4818967a67276f2a802c57ee6973f336ff
stage_unrolled,xrt,8,32,1,1,64,11124,111676,6846b10a9bbff100027c1e9f6d0f36bfc56b4dc4a2b52db2c78efb1396af22c4,PASS,build32_im/tests/pqc/keccak_sg25/matched_controls/stage_unrolled/xrt_m1_n1_p64.log,64,101226,1581.656,1,PASS,0.245353,adee009a37b53787f166a488c3c31e4d8dd4fc56c80f90a500aa132fba80fd3f
stage_unrolled,simx,8,32,8,1,4,6432,96380,6846b10a9bbff100027c1e9f6d0f36bfc56b4dc4a2b52db2c78efb1396af22c4,PASS,build32_im/tests/pqc/keccak_sg25/matched_controls/stage_unrolled/simx_m8_n1_p4.log,32,13003,406.344,1,not_checked,,d18a74d9de1e836d263c486edcb1934c808768fc4aa52e1aba3e1a8704004006
stage_unrolled,simx,8,32,8,1,8,11936,109234,6846b10a9bbff100027c1e9f6d0f36bfc56b4dc4a2b52db2c78efb1396af22c4,PASS,build32_im/tests/pqc/keccak_sg25/matched_controls/stage_unrolled/simx_m8_n1_p8.log,64,25855,403.984,1,not_checked,,390cd97494eb4f2d28275a22c0865f11221575f1156e10309447918b1fed181f
stage_unrolled,simx,8,32,8,1,64,88992,289040,6846b10a9bbff100027c1e9f6d0f36bfc56b4dc4a2b52db2c78efb1396af22c4,PASS,build32_im/tests/pqc/keccak_sg25/matched_controls/stage_unrolled/simx_m8_n1_p64.log,512,205664,401.688,1,PASS,2.447047,00e928f67dd77f13a9c0e995768ab5f98b5dbbc7913849cf533873c4f73ede43
stage_unrolled,xrt,8,32,8,1,64,88992,282136,6846b10a9bbff100027c1e9f6d0f36bfc56b4dc4a2b52db2c78efb1396af22c4,PASS,build32_im/tests/pqc/keccak_sg25/matched_controls/stage_unrolled/xrt_m8_n1_p64.log,512,198325,387.354,1,PASS,2.447047,0c018cf2b3c9b5695248058ef9a93e5b22736d0fed2af0b87b9342c1d3842862
kround,simx,8,32,1,1,4,324,12645,71b4d0ad37b015241035ddf73f84e01d9a4b38232a458b0e94a1953bb0d5cb0f,PASS,build32_im/tests/pqc/keccak_sg25/matched_controls/kround/simx_m1_n1_p4.log,4,2214,553.500,1,not_checked,,427b7b1d79620d4b85a5526d6cdf69b60333745b204d6a9451089eaf3c03dbdb
kround,simx,8,32,1,1,8,532,14641,71b4d0ad37b015241035ddf73f84e01d9a4b38232a458b0e94a1953bb0d5cb0f,PASS,build32_im/tests/pqc/keccak_sg25/matched_controls/kround/simx_m1_n1_p8.log,8,4210,526.250,1,not_checked,,93634eb134550282c88efaea73296b326905ed031a4dc69f03a3ac78664f5f88
kround,simx,8,32,1,1,64,3444,42585,71b4d0ad37b015241035ddf73f84e01d9a4b38232a458b0e94a1953bb0d5cb0f,PASS,build32_im/tests/pqc/keccak_sg25/matched_controls/kround/simx_m1_n1_p64.log,64,32154,502.406,1,PASS,0.807215,6b04b388a27f6d6f6ce47086376cc3b47705b0314bcce755556be43c6a5101e5
kround,xrt,8,32,1,1,64,3444,42244,71b4d0ad37b015241035ddf73f84e01d9a4b38232a458b0e94a1953bb0d5cb0f,PASS,build32_im/tests/pqc/keccak_sg25/matched_controls/kround/xrt_m1_n1_p64.log,64,31953,499.266,1,PASS,0.807215,e505d5b08f41e2a89c2a41211397966c35f7b7fd5ef71229bae5ee487c7d542f
kround,simx,8,32,8,1,4,2592,87721,71b4d0ad37b015241035ddf73f84e01d9a4b38232a458b0e94a1953bb0d5cb0f,PASS,build32_im/tests/pqc/keccak_sg25/matched_controls/kround/simx_m8_n1_p4.log,32,4044,126.375,1,not_checked,,e670303976603283254abc076eb1991e1225bdd6534bc8d2613c6204d20b2515
kround,simx,8,32,8,1,8,4256,91606,71b4d0ad37b015241035ddf73f84e01d9a4b38232a458b0e94a1953bb0d5cb0f,PASS,build32_im/tests/pqc/keccak_sg25/matched_controls/kround/simx_m8_n1_p8.log,64,7929,123.891,1,not_checked,,32e1dae4404e0b9138ddc546ecac6e65f00c2e983bb9bc3a18b7432f9952f29a
kround,simx,8,32,8,1,64,27552,146001,71b4d0ad37b015241035ddf73f84e01d9a4b38232a458b0e94a1953bb0d5cb0f,PASS,build32_im/tests/pqc/keccak_sg25/matched_controls/kround/simx_m8_n1_p64.log,512,62324,121.727,1,PASS,1.309380,ebec5a7475a69b8819cb3460114844ca28db972608a7c580f46372a6d7e7ae84
kround,xrt,8,32,8,1,64,27552,144114,71b4d0ad37b015241035ddf73f84e01d9a4b38232a458b0e94a1953bb0d5cb0f,PASS,build32_im/tests/pqc/keccak_sg25/matched_controls/kround/xrt_m8_n1_p64.log,512,60259,117.693,1,PASS,1.309380,ba951086be9e46248b9b5f81be5a90f318f23595e6ff175cdcb9ecb1d3d9fa4b
stage_loop,simx,8,32,1,1,4,908,18972,7793006f7ddeb93a2e41f021e29d5084e69300a58108729457dce8009ae2741a,PASS,build32_im/tests/pqc/keccak_sg25/matched_controls/stage_loop/simx_m1_n1_p4.log,4,8456,2114.000,0,not_checked,,2e8a8f558f36dab6ba74c8c50b8b1cb5852a11e40f661a1bc8ace31213c0cf18
stage_loop,simx,8,32,1,1,8,1700,27280,7793006f7ddeb93a2e41f021e29d5084e69300a58108729457dce8009ae2741a,PASS,build32_im/tests/pqc/keccak_sg25/matched_controls/stage_loop/simx_m1_n1_p8.log,8,16764,2095.500,0,not_checked,,694fbe3a8b2e3c8bd6ad02b7154f4e9e0e66c9ed83fea34757feffbd86f9af45
stage_loop,simx,8,32,1,1,64,12788,143592,7793006f7ddeb93a2e41f021e29d5084e69300a58108729457dce8009ae2741a,PASS,build32_im/tests/pqc/keccak_sg25/matched_controls/stage_loop/simx_m1_n1_p64.log,64,133076,2079.312,0,PASS,1.269465,a55c3ec3c0068ed02d90230bf97996d34e7f3c2e99311cd50137b5fd8a49931d
stage_loop,xrt,8,32,1,1,64,12788,141792,7793006f7ddeb93a2e41f021e29d5084e69300a58108729457dce8009ae2741a,PASS,build32_im/tests/pqc/keccak_sg25/matched_controls/stage_loop/xrt_m1_n1_p64.log,64,131342,2052.219,0,PASS,1.269465,cf7ee655accb50b8a2549a4cd54e62f0f2e9b72c9d91dd858ca4fb443d2b2f6d
stage_loop,simx,8,32,8,1,4,7264,98878,7793006f7ddeb93a2e41f021e29d5084e69300a58108729457dce8009ae2741a,PASS,build32_im/tests/pqc/keccak_sg25/matched_controls/stage_loop/simx_m8_n1_p4.log,32,15505,484.531,0,not_checked,,efafcfccd64ec1c1fd3ed15e63115ad6f7cdb5ef223705a6af3b0bb1525bbec8
stage_loop,simx,8,32,8,1,8,13600,114210,7793006f7ddeb93a2e41f021e29d5084e69300a58108729457dce8009ae2741a,PASS,build32_im/tests/pqc/keccak_sg25/matched_controls/stage_loop/simx_m8_n1_p8.log,64,30837,481.828,0,not_checked,,6fbad890682abcb8ea1c828af9034ca9250178131ab609416df3841eefe97960
stage_loop,simx,8,32,8,1,64,102304,328858,7793006f7ddeb93a2e41f021e29d5084e69300a58108729457dce8009ae2741a,PASS,build32_im/tests/pqc/keccak_sg25/matched_controls/stage_loop/simx_m8_n1_p64.log,512,245485,479.463,0,PASS,0.473334,b67dd38aa902d5c6774fc35e3a5628ce367d9029a9d1c9feef5cc8e6d9f3c8e7
stage_loop,xrt,8,32,8,1,64,102304,330422,7793006f7ddeb93a2e41f021e29d5084e69300a58108729457dce8009ae2741a,PASS,build32_im/tests/pqc/keccak_sg25/matched_controls/stage_loop/xrt_m8_n1_p64.log,512,246612,481.664,0,PASS,0.473334,ade048038fd3b49f3c92002a086c6e41a01b8b289e21e6e3c64f5f5d63f542e4
sg25_sw,simx,8,32,1,1,4,7884,88183,2267f40f0c746bfe687000136c2c3361b1492c711c0bbf9ac59827d2958740f8,PASS,build32_im/tests/pqc/keccak_sg25/matched_controls/sg25_sw/simx_m1_n1_p4.log,4,77781,19445.250,0,not_checked,,f6e9df2b7d16b1ef8415b48942258256aeb784edb6c3ad32bcd0e36759512456
sg25_sw,simx,8,32,1,1,8,15652,165347,2267f40f0c746bfe687000136c2c3361b1492c711c0bbf9ac59827d2958740f8,PASS,build32_im/tests/pqc/keccak_sg25/matched_controls/sg25_sw/simx_m1_n1_p8.log,8,154953,19369.125,0,PASS,0.012699,14eb48a2c7cad6871ba9a66d4e1e04728180f8cceb0967c0c5884ae3539432c3
sg25_sw,simx,8,32,8,1,4,63072,310554,2267f40f0c746bfe687000136c2c3361b1492c711c0bbf9ac59827d2958740f8,PASS,build32_im/tests/pqc/keccak_sg25/matched_controls/sg25_sw/simx_m8_n1_p4.log,32,226307,7072.094,0,not_checked,,69c865ada8634bfc47c668905ad0aa43a4a81044bba41910633db13cd445ce7c
sg25_sw,simx,8,32,8,1,8,125216,519526,2267f40f0c746bfe687000136c2c3361b1492c711c0bbf9ac59827d2958740f8,PASS,build32_im/tests/pqc/keccak_sg25/matched_controls/sg25_sw/simx_m8_n1_p8.log,64,435279,6801.234,0,not_checked,,47609aacb2bdaf38fa331bdb189dbe585738b9d8b7600715f2ccad2eca3350cb
sg25_sw,xrt,8,32,1,1,8,15652,165368,2267f40f0c746bfe687000136c2c3361b1492c711c0bbf9ac59827d2958740f8,PASS,build32_im/tests/pqc/keccak_sg25/matched_controls/sg25_sw/xrt_m1_n1_p8.log,8,154953,19369.125,0,PASS,0.012699,6038d15c8524b4fe3b2b7ba35a1496983c794b5f97ad866e40072b6ddb84d882
sg25_sw,simx,8,32,2,1,2,8000,68830,2267f40f0c746bfe687000136c2c3361b1492c711c0bbf9ac59827d2958740f8,PASS,build32_im/tests/pqc/keccak_sg25/matched_controls/sg25_sw/simx_m2_n1_p2.log,4,47138,11784.500,0,PASS,0.077061,112dfd9ec60d31fce50b7024ec3be85ff8b17664be510d718498ba454dac8814
sg25_sw,xrt,8,32,2,1,2,8000,68777,2267f40f0c746bfe687000136c2c3361b1492c711c0bbf9ac59827d2958740f8,PASS,build32_im/tests/pqc/keccak_sg25/matched_controls/sg25_sw/xrt_m2_n1_p2.log,4,47111,11777.750,0,PASS,0.077061,9bd3cc41288b1717fe1540bba83c37c3eda3b604fe7939ac0ba1597135f567df
sg5,simx,8,32,1,1,4,22590,242243,4756842de4befbc40bb66025fea87c6f031b3404324ccc8427a7a8298d31cad7,PASS,build32_im/tests/pqc/keccak_sg25/matched_controls/sg5/simx_m1_n1_p4.log,4,230617,57654.250,0,not_checked,,4f85f0f9ece8ffbb6e0f4689eb68a277e5bda8d4f178823136cb8af89aa133b9
sg5,simx,8,32,1,1,8,44898,470958,4756842de4befbc40bb66025fea87c6f031b3404324ccc8427a7a8298d31cad7,PASS,build32_im/tests/pqc/keccak_sg25/matched_controls/sg5/simx_m1_n1_p8.log,8,459320,57415.000,0,FAIL,6.931918,013ab463839d405fcc26fc0de6f82ee10ed99abb495f9888eae2472a6850fc27
sg5,simx,8,32,1,6,4,22590,461339,4756842de4befbc40bb66025fea87c6f031b3404324ccc8427a7a8298d31cad7,PASS,build32_im/tests/pqc/keccak_sg25/matched_controls/sg5/simx_m1_n6_p4.log,24,448712,18696.333,0,not_checked,,686df157b68594cb8f88aecf35bee7a7030a51fc2cd13c41cb8dea818494d6b0
sg5,simx,8,32,1,6,8,44898,898567,4756842de4befbc40bb66025fea87c6f031b3404324ccc8427a7a8298d31cad7,PASS,build32_im/tests/pqc/keccak_sg25/matched_controls/sg5/simx_m1_n6_p8.log,48,885940,18457.083,0,not_checked,,0db0ed6e9d324e14f7e78e15f6b4fe12bbadefb531492095090ab897c53067e1
sg5,simx,8,32,8,1,4,180720,556671,4756842de4befbc40bb66025fea87c6f031b3404324ccc8427a7a8298d31cad7,PASS,build32_im/tests/pqc/keccak_sg25/matched_controls/sg5/simx_m8_n1_p4.log,32,464888,14527.750,0,not_checked,,4bfff1be5127e409672ad2b9a1a117ebf455563bdfbccabefbe250ae6d7efb81
sg5,simx,8,32,8,1,8,359184,1007464,4756842de4befbc40bb66025fea87c6f031b3404324ccc8427a7a8298d31cad7,PASS,build32_im/tests/pqc/keccak_sg25/matched_controls/sg5/simx_m8_n1_p8.log,64,915685,14307.578,0,not_checked,,2bec74c141d857006ca37b6d2b3c7a71f6b48bdd75b759615df323d08c6951a8
sg5,simx,8,32,8,6,4,180720,2433767,4756842de4befbc40bb66025fea87c6f031b3404324ccc8427a7a8298d31cad7,PASS,build32_im/tests/pqc/keccak_sg25/matched_controls/sg5/simx_m8_n6_p4.log,192,2332691,12149.432,0,not_checked,,03b50e4398c52b5682bd6e6b6f0a13aabf73f7a1f0013f5492099040799d1018
sg5,simx,8,32,8,6,8,359184,4679939,4756842de4befbc40bb66025fea87c6f031b3404324ccc8427a7a8298d31cad7,PASS,build32_im/tests/pqc/keccak_sg25/matched_controls/sg5/simx_m8_n6_p8.log,384,4578863,11924.122,0,not_checked,,4934ce968ba327b065cb0c50e94ce843fcb5b9d76a3475580e41df5cfe7c3f5c
sg5,xrt,8,32,1,1,8,44898,506036,4756842de4befbc40bb66025fea87c6f031b3404324ccc8427a7a8298d31cad7,PASS,build32_im/tests/pqc/keccak_sg25/matched_controls/sg5/xrt_m1_n1_p8.log,8,494048,61756.000,0,FAIL,6.931918,409b69598ca66941036bb171347f5449aea2cbf334f45059466d854e6f650959
sg5,simx,8,32,2,6,2,22872,380640,4756842de4befbc40bb66025fea87c6f031b3404324ccc8427a7a8298d31cad7,PASS,build32_im/tests/pqc/keccak_sg25/matched_controls/sg5/simx_m2_n6_p2.log,24,355108,14796.167,0,FAIL,12.222727,709704b905898bd72ded0b1d4cd516fb902930f3eb1f84ffe5e9a2787150f53e
sg5,xrt,8,32,2,6,2,22872,433643,4756842de4befbc40bb66025fea87c6f031b3404324ccc8427a7a8298d31cad7,PASS,build32_im/tests/pqc/keccak_sg25/matched_controls/sg5/xrt_m2_n6_p2.log,24,407877,16994.875,0,FAIL,12.222727,e0a035ce5de75d5ce57c34789d9b662c05a700fa1de6ba2888d01f253e0f687f
asm,simx,8,32,1,1,4,59876,551447,b2c08af2d3466ec42d7cb483a0ecd2b7fb00d06975260ce3e929ca73a59d00f3,PASS,build32_im/tests/pqc/keccak_sg25/matched_controls/asm/simx_m1_n1_p4.log,4,538396,134599.000,0,not_checked,,2712cd4734396ef5c51d219392bf6bb9fa1a10e34550c8b4bc5c56b06df0f9c6
asm,simx,8,32,1,1,8,119432,1088555,b2c08af2d3466ec42d7cb483a0ecd2b7fb00d06975260ce3e929ca73a59d00f3,PASS,build32_im/tests/pqc/keccak_sg25/matched_controls/asm/simx_m1_n1_p8.log,8,1075504,134438.000,0,PASS,0.035656,a886dade6e0fb03cfc144bb150070226fe868131f819e11f961a70774449f62b
asm,simx,8,32,1,32,4,59867,6670425,b2c08af2d3466ec42d7cb483a0ecd2b7fb00d06975260ce3e929ca73a59d00f3,PASS,build32_im/tests/pqc/keccak_sg25/matched_controls/asm/simx_m1_n32_p4.log,128,6623236,51744.031,0,not_checked,,bea495d67cef7cb56425f7fc83c2100f2edc28581e91b5427075bd34e40a7588
asm,simx,8,32,1,32,8,119423,13294965,b2c08af2d3466ec42d7cb483a0ecd2b7fb00d06975260ce3e929ca73a59d00f3,PASS,build32_im/tests/pqc/keccak_sg25/matched_controls/asm/simx_m1_n32_p8.log,256,13247776,51749.125,0,not_checked,,4fa1e465f5b0ba4cc9662f3f7662ef61ff1558830313fccb36ef3777b65614ce
asm,simx,8,32,8,1,4,479008,887535,b2c08af2d3466ec42d7cb483a0ecd2b7fb00d06975260ce3e929ca73a59d00f3,PASS,build32_im/tests/pqc/keccak_sg25/matched_controls/asm/simx_m8_n1_p4.log,32,797080,24908.750,0,not_checked,,8dad76427b1a33f27698788adb8f270dfcf7cc285f68de754dc6231796da803a
asm,simx,8,32,8,1,8,955456,1682262,b2c08af2d3466ec42d7cb483a0ecd2b7fb00d06975260ce3e929ca73a59d00f3,PASS,build32_im/tests/pqc/keccak_sg25/matched_controls/asm/simx_m8_n1_p8.log,64,1591953,24874.266,0,not_checked,,c9ce3b852e9d365e10805a727c1f6e3c872bf0c198e1927cfc50d71fe4f19754
asm,simx,8,32,8,32,4,478936,56729566,b2c08af2d3466ec42d7cb483a0ecd2b7fb00d06975260ce3e929ca73a59d00f3,PASS,build32_im/tests/pqc/keccak_sg25/matched_controls/asm/simx_m8_n32_p4.log,1024,56313072,54993.234,0,not_checked,,cb1bc22aff090356dbb56c1b720740c5ed73c265d3cb6922d3cf326faa5f5e52
asm,simx,8,32,8,32,8,955384,113040725,b2c08af2d3466ec42d7cb483a0ecd2b7fb00d06975260ce3e929ca73a59d00f3,PASS,build32_im/tests/pqc/keccak_sg25/matched_controls/asm/simx_m8_n32_p8.log,2048,112624231,54992.300,0,not_checked,,78bc84f0b5780fc536acb8e6e126c660a2180ea017c5d1454e4eb1e84f660425
asm,xrt,8,32,1,1,8,119432,1088167,b2c08af2d3466ec42d7cb483a0ecd2b7fb00d06975260ce3e929ca73a59d00f3,PASS,build32_im/tests/pqc/keccak_sg25/matched_controls/asm/xrt_m1_n1_p8.log,8,1075259,134407.375,0,PASS,0.035656,9a4c6adf9784a2a9bce7e0a19b09f3519735debcb77c870f04f92b712c45af7d
asm,simx,8,32,2,32,2,60178,6949144,b2c08af2d3466ec42d7cb483a0ecd2b7fb00d06975260ce3e929ca73a59d00f3,PASS,build32_im/tests/pqc/keccak_sg25/matched_controls/asm/simx_m2_n32_p2.log,128,6855495,53558.555,0,PASS,3.374683,d9e4dc112b984bdf7e6ae5be8bbff335be176ff2f7d990ef46dcfd59577c5610
asm,xrt,8,32,2,32,2,60178,7191846,b2c08af2d3466ec42d7cb483a0ecd2b7fb00d06975260ce3e929ca73a59d00f3,PASS,build32_im/tests/pqc/keccak_sg25/matched_controls/asm/xrt_m2_n32_p2.log,128,7096208,55439.125,0,PASS,3.374683,44e35bd8395b6db1c715cbf121e1718298df45192c82a858e530fc7a4b2b06f5
sg1,simx,8,32,1,1,4,66130,640920,158cc80256cbfe7af28141865408a6a756cbd5719f6d4e294c94a24839912745,PASS,build32_im/tests/pqc/keccak_sg25/matched_controls/sg1/simx_m1_n1_p4.log,4,627920,156980.000,0,not_checked,,83fecf30fe49bd9a342cf83b8423d6284a453b8b381915b623667ba6594769ad
sg1,simx,8,32,1,1,8,131942,1266896,158cc80256cbfe7af28141865408a6a756cbd5719f6d4e294c94a24839912745,PASS,build32_im/tests/pqc/keccak_sg25/matched_controls/sg1/simx_m1_n1_p8.log,8,1253896,156737.000,0,PASS,3.326026,36225ab80f545b36d434b8f158a51dc2fbea08367fbe35c059d368af6a199bd5
sg1,simx,8,32,1,32,4,66121,8363751,158cc80256cbfe7af28141865408a6a756cbd5719f6d4e294c94a24839912745,PASS,build32_im/tests/pqc/keccak_sg25/matched_controls/sg1/simx_m1_n32_p4.log,128,8316740,64974.531,0,not_checked,,b3f8f5eb068523668a32dbc17a08202953f470e7bce320b0384b93ac78d53fa2
sg1,simx,8,32,1,32,8,131933,16679142,158cc80256cbfe7af28141865408a6a756cbd5719f6d4e294c94a24839912745,PASS,build32_im/tests/pqc/keccak_sg25/matched_controls/sg1/simx_m1_n32_p8.log,256,16632132,64969.266,0,not_checked,,df82163ebe438f9affa96ceac95bd5f285f30c0ce3ea3485e03717dca4507f3a
sg1,simx,8,32,8,1,4,529040,1234762,158cc80256cbfe7af28141865408a6a756cbd5719f6d4e294c94a24839912745,PASS,build32_im/tests/pqc/keccak_sg25/matched_controls/sg1/simx_m8_n1_p4.log,32,1144315,35759.844,0,not_checked,,919b662047730968a5ec148447b3703e3cf44aa42ec07f77d51d92bf16efd231
sg1,simx,8,32,8,1,8,1055536,2371203,158cc80256cbfe7af28141865408a6a756cbd5719f6d4e294c94a24839912745,PASS,build32_im/tests/pqc/keccak_sg25/matched_controls/sg1/simx_m8_n1_p8.log,64,2280816,35637.750,0,not_checked,,df70b64fd5fbd5db35ea4dae0984558b937adebdcf838303bc0767ff410d5a38
sg1,simx,8,32,8,32,4,528968,68238504,158cc80256cbfe7af28141865408a6a756cbd5719f6d4e294c94a24839912745,PASS,build32_im/tests/pqc/keccak_sg25/matched_controls/sg1/simx_m8_n32_p4.log,1024,67819696,66230.172,0,not_checked,,1091689d918f8fac3f3af9d57e52158968b3418323eba458c4c8e65876504284
sg1,simx,8,32,8,32,8,1055464,136078845,158cc80256cbfe7af28141865408a6a756cbd5719f6d4e294c94a24839912745,PASS,build32_im/tests/pqc/keccak_sg25/matched_controls/sg1/simx_m8_n32_p8.log,2048,135659931,66240.201,0,not_checked,,fb51ea1832e18b7e979d187ba48b684e93ba9c5416275f51cef8c38ab6d5573e
sg1,xrt,8,32,1,1,8,131942,1310483,158cc80256cbfe7af28141865408a6a756cbd5719f6d4e294c94a24839912745,PASS,build32_im/tests/pqc/keccak_sg25/matched_controls/sg1/xrt_m1_n1_p8.log,8,1297623,162202.875,0,PASS,3.326026,4f7bed03c2f927f3b47cd82c7111d0fcecef12fd3d59c7e74758aea0013adcdc
sg1,simx,8,32,2,32,2,66430,8270319,158cc80256cbfe7af28141865408a6a756cbd5719f6d4e294c94a24839912745,PASS,build32_im/tests/pqc/keccak_sg25/matched_controls/sg1/simx_m2_n32_p2.log,128,8176335,63877.617,0,PASS,2.271861,54116800b4ccc76f51f7322ed6efc0dd77933bcb042269b9149cb43ffde63089
sg1,xrt,8,32,2,32,2,66430,8462577,158cc80256cbfe7af28141865408a6a756cbd5719f6d4e294c94a24839912745,PASS,build32_im/tests/pqc/keccak_sg25/matched_controls/sg1/xrt_m2_n32_p2.log,128,8366617,65364.195,0,PASS,2.271861,05a74868ae3b55dabd2c22c87e224907c19537f50c545ec613472655e5ebbf21
