# Complete ML-KEM-768 KAT on the common RV32IM W8T32 NTT+pointer+Stage+KROUND core, 2026-09-17.
# F/D and L2/L3 disabled; one core, final half-bank NTT, same d/z/m coins for every row.
# NTT=reg32 NTTBF=ise NTTMUL=ise ARITH=all ARITH_MUL=ise SERIAL=1; local soft-ABI libc/libcrt.
# All runs use the same xrtsim library. XRT includes the AFU and processor RTL.
# KAT checks pk/sk/ct/ss_enc/ss_dec per request; counts are 140 Keccak, 15 NTT, 9 INTT.
# Software ELFs are byte-identical to archived controls, except pointer rebuilt from the current source.
backend,driver,xlen,requests,device_cycles,batch_makespan,retired_instructions,kat_requests,result,software_elf_sha256,host_sha256,xrtsim_sha256,config_sha256,source_commit,log,log_sha256
sg1_serial,xrt,32,1,28445820,28444012,2821599,1,PASS,14c6c7c52ab855584882c0e695e878e17273e1895328978655fdef8d97fb00a5,ad56c61d35b0df09264964f066a87b3606a0b6b9f4d09cc5eb89ac81f7328ebf,91c7f52310906eb46326af02011367e9f50005298fdd53f735af08e2fe566b26,ef3b24dc84385649db6caf0e80e4212884103264828711a732ccd3229c6359b9,1ecbd0a0992ad1cad8aa00d4eb168573381a2dca,build32_im/xrt_matched_20260917/sg1_m1_xrt.log,b530a66c8369af66d1b5f36803b8146fb6ae42581df78b2381eebd026cd454da
sg1_serial,xrt,32,8,45673966,45671540,22572792,8,PASS,14c6c7c52ab855584882c0e695e878e17273e1895328978655fdef8d97fb00a5,ad56c61d35b0df09264964f066a87b3606a0b6b9f4d09cc5eb89ac81f7328ebf,91c7f52310906eb46326af02011367e9f50005298fdd53f735af08e2fe566b26,ef3b24dc84385649db6caf0e80e4212884103264828711a732ccd3229c6359b9,1ecbd0a0992ad1cad8aa00d4eb168573381a2dca,build32_im/xrt_matched_20260917/sg1_m8_xrt.log,a8ce5d903e48f1b7121a1f8570957e68d87f61d6c66ac146b5c8b3b34cb49d8c
pqrv_asm,xrt,32,1,24671722,24669890,2612066,1,PASS,32e3c2c99064ccc31961fb6d45ea6fe3b2b57aaef890f827c0ba89e9c49b96ba,3c534add2c7d1b5eeec214effe6e2e0dc613ad6c6c24e6907cb5e9758a77e02e,91c7f52310906eb46326af02011367e9f50005298fdd53f735af08e2fe566b26,ef3b24dc84385649db6caf0e80e4212884103264828711a732ccd3229c6359b9,1ecbd0a0992ad1cad8aa00d4eb168573381a2dca,build32_im/xrt_matched_20260917/pqrv_m1_xrt.log,7f427b45f99b68de4977f48b516999434e5d06e85f0cfe41f1d4f67b85ed463d
pqrv_asm,xrt,32,8,37752728,37750241,20896528,8,PASS,32e3c2c99064ccc31961fb6d45ea6fe3b2b57aaef890f827c0ba89e9c49b96ba,3c534add2c7d1b5eeec214effe6e2e0dc613ad6c6c24e6907cb5e9758a77e02e,91c7f52310906eb46326af02011367e9f50005298fdd53f735af08e2fe566b26,ef3b24dc84385649db6caf0e80e4212884103264828711a732ccd3229c6359b9,1ecbd0a0992ad1cad8aa00d4eb168573381a2dca,build32_im/xrt_matched_20260917/pqrv_m8_xrt.log,8aba5a81029bd0d0f92763cfaf7f361acedbc498c945a9e2437db0addf95c5fd
sg25_sw,xrt,32,1,7908815,7906996,680562,1,PASS,5e42d14f0816f143219c0a93e781987db787ac2f2af2caf1a674cf70feeead89,6470d22cd7501e5a7763f86f1cf7f4020a9fbf32fcbbb01f57f27caa49744141,91c7f52310906eb46326af02011367e9f50005298fdd53f735af08e2fe566b26,ef3b24dc84385649db6caf0e80e4212884103264828711a732ccd3229c6359b9,1ecbd0a0992ad1cad8aa00d4eb168573381a2dca,build32_im/xrt_matched_20260917/sg25_sw_m1_xrt.log,9d95989a61c7659ac0687380dc157faad00d110b33875f6a5ec18491ea5ffbf2
sg25_sw,xrt,32,8,19439831,19437563,5444496,8,PASS,5e42d14f0816f143219c0a93e781987db787ac2f2af2caf1a674cf70feeead89,6470d22cd7501e5a7763f86f1cf7f4020a9fbf32fcbbb01f57f27caa49744141,91c7f52310906eb46326af02011367e9f50005298fdd53f735af08e2fe566b26,ef3b24dc84385649db6caf0e80e4212884103264828711a732ccd3229c6359b9,1ecbd0a0992ad1cad8aa00d4eb168573381a2dca,build32_im/xrt_matched_20260917/sg25_sw_m8_xrt.log,defbd192a646afe2915ba3837801daf70cee53867d560290d4aeec80608aef96
sg25_stages,xrt,32,1,5409552,5407733,436262,1,PASS,9611a4147732eadd2e6132a8a794d246e156df12d0e019e098e44a8f7c78814e,f3fded71fabd1dd1a38a8f3460e899bcce8996a901895f800e71aed313a784a6,91c7f52310906eb46326af02011367e9f50005298fdd53f735af08e2fe566b26,ef3b24dc84385649db6caf0e80e4212884103264828711a732ccd3229c6359b9,1ecbd0a0992ad1cad8aa00d4eb168573381a2dca,build32_im/xrt_matched_20260917/sg25_stages_m1_xrt.log,7c34ae37bc0971a7ffc3534eb83d3eed264776c6008b777a38b2a41082bf5497
sg25_stages,xrt,32,8,12526957,12524690,3490096,8,PASS,9611a4147732eadd2e6132a8a794d246e156df12d0e019e098e44a8f7c78814e,f3fded71fabd1dd1a38a8f3460e899bcce8996a901895f800e71aed313a784a6,91c7f52310906eb46326af02011367e9f50005298fdd53f735af08e2fe566b26,ef3b24dc84385649db6caf0e80e4212884103264828711a732ccd3229c6359b9,1ecbd0a0992ad1cad8aa00d4eb168573381a2dca,build32_im/xrt_matched_20260917/sg25_stages_m8_xrt.log,95b4b9f06b114cc6bd1bb8df9b2b3449c8f38d8d8f19c2413cbb0304b3818e95
kround25,xrt,32,1,5203321,5201512,415822,1,PASS,b2bc5c40e5da2164cc69d878966b0ba0dd313885001cd98eaf74caca1a2c004b,b5e2a318fb896275a4dcc55aaf7b7cf07a3ebaeeb985eb44ec2de5d6fb3dc96a,91c7f52310906eb46326af02011367e9f50005298fdd53f735af08e2fe566b26,ef3b24dc84385649db6caf0e80e4212884103264828711a732ccd3229c6359b9,1ecbd0a0992ad1cad8aa00d4eb168573381a2dca,build32_im/xrt_matched_20260917/kround_m1_xrt.log,d4e61d617492c7a25d1bdb9c16852ac3de51e91a327eff2393f420dd61af6bf4
kround25,xrt,32,8,12280086,12277818,3326576,8,PASS,b2bc5c40e5da2164cc69d878966b0ba0dd313885001cd98eaf74caca1a2c004b,b5e2a318fb896275a4dcc55aaf7b7cf07a3ebaeeb985eb44ec2de5d6fb3dc96a,91c7f52310906eb46326af02011367e9f50005298fdd53f735af08e2fe566b26,ef3b24dc84385649db6caf0e80e4212884103264828711a732ccd3229c6359b9,1ecbd0a0992ad1cad8aa00d4eb168573381a2dca,build32_im/xrt_matched_20260917/kround_m8_xrt.log,55eb0caaec4606ec5fb80805ca4373f39699d163ed63f93b9ee14c3df138469a
pointer_keccakf,xrt,32,1,5877830,5875997,527622,1,PASS,84892ed51b681bd30be868dead7f2db6aab98dd9f0671e3cbbdaa6cbc22821ae,52bdb1dd452127e36a4dad1185822cffc9c733436aa3f8c8fff3d6c6c1a0c815,91c7f52310906eb46326af02011367e9f50005298fdd53f735af08e2fe566b26,ef3b24dc84385649db6caf0e80e4212884103264828711a732ccd3229c6359b9,1ecbd0a0992ad1cad8aa00d4eb168573381a2dca,build32_im/xrt_matched_20260917/pointer/pointer_m1_xrt.log,24643dfeb0e2ca63ff7ec0b550e37afdaaa64da709ad1d600d8710306e831f7f
pointer_keccakf,xrt,32,8,8939287,8936881,4220976,8,PASS,84892ed51b681bd30be868dead7f2db6aab98dd9f0671e3cbbdaa6cbc22821ae,52bdb1dd452127e36a4dad1185822cffc9c733436aa3f8c8fff3d6c6c1a0c815,91c7f52310906eb46326af02011367e9f50005298fdd53f735af08e2fe566b26,ef3b24dc84385649db6caf0e80e4212884103264828711a732ccd3229c6359b9,1ecbd0a0992ad1cad8aa00d4eb168573381a2dca,build32_im/xrt_matched_20260917/pointer/pointer_m8_xrt.log,0109d84cde9cda69acf0d2f9ee9a4149375b9f582469b7a9d02f2119adb96bf9
