# RV32; one core, 8 warps x 32 threads; L2/L3 disabled; all six KSG25 encodings enabled.
# arm bits select software/instruction use in THETA,RHOPI,CHII order; this is not an area ablation.
# One CTA, one state per warp; barriers after input loads and after end timestamps.
# span_cycles=max(end)-min(start); excludes initial state I/O, includes scheduling skew and loop/software overhead.
# cycles and instrs cover the whole launch, including setup, barriers, and teardown.
# Marginal cycles/completed permutation=(span_p8-span_p4)/(4*batch_warps).
# Final states checked against mlkem-native; every arm also passed full SHAKE/round checks on SimX.
# RTL driver here is rtlsim (processor simulation); XRT integration coverage is recorded separately in the proposal.
# Kernel ELF hashes and the combined-stage SimX/RTL timing are unchanged after the simulation watchdog budget update.
# No achieved clock, PPA, or ML-KEM result is claimed. These synchronized batches supersede the unsynchronized timing method.
driver,arm,xlen,cores,warps,threads,theta,rhopi,chii,batch_warps,permutations_per_state,span_cycles,instrs,cycles,passed,elf_sha256
simx,000,32,1,8,32,0,0,0,1,4,77781,7884,88197,1,8ece1e9cb8070a74d56a38f2ff8c0c0e6cd49b43ac96a39d3fc3e0e5d1ca4ef9
simx,000,32,1,8,32,0,0,0,1,8,154953,15652,165361,1,8ece1e9cb8070a74d56a38f2ff8c0c0e6cd49b43ac96a39d3fc3e0e5d1ca4ef9
simx,000,32,1,8,32,0,0,0,8,4,226307,63072,310563,1,8ece1e9cb8070a74d56a38f2ff8c0c0e6cd49b43ac96a39d3fc3e0e5d1ca4ef9
simx,000,32,1,8,32,0,0,0,8,8,435279,125216,519535,1,8ece1e9cb8070a74d56a38f2ff8c0c0e6cd49b43ac96a39d3fc3e0e5d1ca4ef9
rtlsim,000,32,1,8,32,0,0,0,1,4,77682,7884,88198,1,8ece1e9cb8070a74d56a38f2ff8c0c0e6cd49b43ac96a39d3fc3e0e5d1ca4ef9
rtlsim,000,32,1,8,32,0,0,0,1,8,154825,15652,165342,1,8ece1e9cb8070a74d56a38f2ff8c0c0e6cd49b43ac96a39d3fc3e0e5d1ca4ef9
rtlsim,000,32,1,8,32,0,0,0,8,4,220447,63072,304313,1,8ece1e9cb8070a74d56a38f2ff8c0c0e6cd49b43ac96a39d3fc3e0e5d1ca4ef9
rtlsim,000,32,1,8,32,0,0,0,8,8,419346,125216,503212,1,8ece1e9cb8070a74d56a38f2ff8c0c0e6cd49b43ac96a39d3fc3e0e5d1ca4ef9
simx,100,32,1,8,32,1,0,0,1,4,49028,5332,59421,1,89c1886a0efa6ec09810ffb0a47bf4d65664bb8d1e304dbb54139caa096fc92d
simx,100,32,1,8,32,1,0,0,1,8,97532,10548,107925,1,89c1886a0efa6ec09810ffb0a47bf4d65664bb8d1e304dbb54139caa096fc92d
simx,100,32,1,8,32,1,0,0,8,4,105911,42656,189500,1,89c1886a0efa6ec09810ffb0a47bf4d65664bb8d1e304dbb54139caa096fc92d
simx,100,32,1,8,32,1,0,0,8,8,206233,84384,289822,1,89c1886a0efa6ec09810ffb0a47bf4d65664bb8d1e304dbb54139caa096fc92d
rtlsim,100,32,1,8,32,1,0,0,1,4,48654,5332,59101,1,89c1886a0efa6ec09810ffb0a47bf4d65664bb8d1e304dbb54139caa096fc92d
rtlsim,100,32,1,8,32,1,0,0,1,8,96950,10548,107398,1,89c1886a0efa6ec09810ffb0a47bf4d65664bb8d1e304dbb54139caa096fc92d
rtlsim,100,32,1,8,32,1,0,0,8,4,105152,42656,188830,1,89c1886a0efa6ec09810ffb0a47bf4d65664bb8d1e304dbb54139caa096fc92d
rtlsim,100,32,1,8,32,1,0,0,8,8,206322,84384,289995,1,89c1886a0efa6ec09810ffb0a47bf4d65664bb8d1e304dbb54139caa096fc92d
simx,010,32,1,8,32,0,1,0,1,4,45366,4812,55771,1,c58fbb535eeb1fc5fff07aeea32d3220a4338c212a0fb301cd883d5e989fe86f
simx,010,32,1,8,32,0,1,0,1,8,90032,9508,100446,1,c58fbb535eeb1fc5fff07aeea32d3220a4338c212a0fb301cd883d5e989fe86f
simx,010,32,1,8,32,0,1,0,8,4,124604,38496,208044,1,c58fbb535eeb1fc5fff07aeea32d3220a4338c212a0fb301cd883d5e989fe86f
simx,010,32,1,8,32,0,1,0,8,8,243039,76064,326478,1,c58fbb535eeb1fc5fff07aeea32d3220a4338c212a0fb301cd883d5e989fe86f
rtlsim,010,32,1,8,32,0,1,0,1,4,45278,4812,55645,1,c58fbb535eeb1fc5fff07aeea32d3220a4338c212a0fb301cd883d5e989fe86f
rtlsim,010,32,1,8,32,0,1,0,1,8,89971,9508,100347,1,c58fbb535eeb1fc5fff07aeea32d3220a4338c212a0fb301cd883d5e989fe86f
rtlsim,010,32,1,8,32,0,1,0,8,4,124619,38496,208568,1,c58fbb535eeb1fc5fff07aeea32d3220a4338c212a0fb301cd883d5e989fe86f
rtlsim,010,32,1,8,32,0,1,0,8,8,240654,76064,324602,1,c58fbb535eeb1fc5fff07aeea32d3220a4338c212a0fb301cd883d5e989fe86f
simx,110,32,1,8,32,1,1,0,1,4,21389,2352,31989,1,60db438c87c9c39d1e30f4eb6dbfff2535eef1afa75b2ad818c4c3d60628013d
simx,110,32,1,8,32,1,1,0,1,8,42597,4588,53197,1,60db438c87c9c39d1e30f4eb6dbfff2535eef1afa75b2ad818c4c3d60628013d
simx,110,32,1,8,32,1,1,0,8,4,39031,18816,123090,1,60db438c87c9c39d1e30f4eb6dbfff2535eef1afa75b2ad818c4c3d60628013d
simx,110,32,1,8,32,1,1,0,8,8,77927,36704,161986,1,60db438c87c9c39d1e30f4eb6dbfff2535eef1afa75b2ad818c4c3d60628013d
rtlsim,110,32,1,8,32,1,1,0,1,4,21273,2352,31766,1,60db438c87c9c39d1e30f4eb6dbfff2535eef1afa75b2ad818c4c3d60628013d
rtlsim,110,32,1,8,32,1,1,0,1,8,42373,4588,52866,1,60db438c87c9c39d1e30f4eb6dbfff2535eef1afa75b2ad818c4c3d60628013d
rtlsim,110,32,1,8,32,1,1,0,8,4,38166,18816,122263,1,60db438c87c9c39d1e30f4eb6dbfff2535eef1afa75b2ad818c4c3d60628013d
rtlsim,110,32,1,8,32,1,1,0,8,8,76014,36704,160111,1,60db438c87c9c39d1e30f4eb6dbfff2535eef1afa75b2ad818c4c3d60628013d
simx,001,32,1,8,32,0,0,1,1,4,59851,6396,70354,1,552bc570c5ba85aaaca5d877012528d3c8b4e4c3b0ed78617ca4f752dcceeae2
simx,001,32,1,8,32,0,0,1,1,8,118936,12676,129440,1,552bc570c5ba85aaaca5d877012528d3c8b4e4c3b0ed78617ca4f752dcceeae2
simx,001,32,1,8,32,0,0,1,8,4,155037,51168,238933,1,552bc570c5ba85aaaca5d877012528d3c8b4e4c3b0ed78617ca4f752dcceeae2
simx,001,32,1,8,32,0,0,1,8,8,299983,101408,383879,1,552bc570c5ba85aaaca5d877012528d3c8b4e4c3b0ed78617ca4f752dcceeae2
rtlsim,001,32,1,8,32,0,0,1,1,4,59891,6396,70237,1,552bc570c5ba85aaaca5d877012528d3c8b4e4c3b0ed78617ca4f752dcceeae2
rtlsim,001,32,1,8,32,0,0,1,1,8,118933,12676,129290,1,552bc570c5ba85aaaca5d877012528d3c8b4e4c3b0ed78617ca4f752dcceeae2
rtlsim,001,32,1,8,32,0,0,1,8,4,153220,51168,236953,1,552bc570c5ba85aaaca5d877012528d3c8b4e4c3b0ed78617ca4f752dcceeae2
rtlsim,001,32,1,8,32,0,0,1,8,8,302042,101408,385775,1,552bc570c5ba85aaaca5d877012528d3c8b4e4c3b0ed78617ca4f752dcceeae2
simx,101,32,1,8,32,1,0,1,1,4,35625,3916,46019,1,f89bdf32cabccb04b8a0034e9f5fab550fc62cfab300cb006a91c7b3e0228a9f
simx,101,32,1,8,32,1,0,1,1,8,71005,7716,81399,1,f89bdf32cabccb04b8a0034e9f5fab550fc62cfab300cb006a91c7b3e0228a9f
simx,101,32,1,8,32,1,0,1,8,4,70409,31328,154235,1,f89bdf32cabccb04b8a0034e9f5fab550fc62cfab300cb006a91c7b3e0228a9f
simx,101,32,1,8,32,1,0,1,8,8,140645,61728,224471,1,f89bdf32cabccb04b8a0034e9f5fab550fc62cfab300cb006a91c7b3e0228a9f
rtlsim,101,32,1,8,32,1,0,1,1,4,35503,3916,45875,1,f89bdf32cabccb04b8a0034e9f5fab550fc62cfab300cb006a91c7b3e0228a9f
rtlsim,101,32,1,8,32,1,0,1,1,8,70775,7716,81147,1,f89bdf32cabccb04b8a0034e9f5fab550fc62cfab300cb006a91c7b3e0228a9f
rtlsim,101,32,1,8,32,1,0,1,8,4,67947,31328,151853,1,f89bdf32cabccb04b8a0034e9f5fab550fc62cfab300cb006a91c7b3e0228a9f
rtlsim,101,32,1,8,32,1,0,1,8,8,135703,61728,219609,1,f89bdf32cabccb04b8a0034e9f5fab550fc62cfab300cb006a91c7b3e0228a9f
simx,011,32,1,8,32,0,1,1,1,4,31189,3412,41589,1,767fbc6a7f1fcc07df687740068dd877406145417cc2ecf7cd8c9abf15f2124a
simx,011,32,1,8,32,0,1,1,1,8,62129,6708,72529,1,767fbc6a7f1fcc07df687740068dd877406145417cc2ecf7cd8c9abf15f2124a
simx,011,32,1,8,32,0,1,1,8,4,63916,27296,148182,1,767fbc6a7f1fcc07df687740068dd877406145417cc2ecf7cd8c9abf15f2124a
simx,011,32,1,8,32,0,1,1,8,8,127708,53664,211962,1,767fbc6a7f1fcc07df687740068dd877406145417cc2ecf7cd8c9abf15f2124a
rtlsim,011,32,1,8,32,0,1,1,1,4,31070,3412,41572,1,767fbc6a7f1fcc07df687740068dd877406145417cc2ecf7cd8c9abf15f2124a
rtlsim,011,32,1,8,32,0,1,1,1,8,61902,6708,72404,1,767fbc6a7f1fcc07df687740068dd877406145417cc2ecf7cd8c9abf15f2124a
rtlsim,011,32,1,8,32,0,1,1,8,4,62694,27296,146555,1,767fbc6a7f1fcc07df687740068dd877406145417cc2ecf7cd8c9abf15f2124a
rtlsim,011,32,1,8,32,0,1,1,8,8,125202,53664,209063,1,767fbc6a7f1fcc07df687740068dd877406145417cc2ecf7cd8c9abf15f2124a
simx,111,32,1,8,32,1,1,1,1,4,8456,908,18984,1,ef7b6cf88bab7cba0cfa907f8370f3abea96af537e8d22ba846f37e8382c5393
simx,111,32,1,8,32,1,1,1,1,8,16764,1700,27292,1,ef7b6cf88bab7cba0cfa907f8370f3abea96af537e8d22ba846f37e8382c5393
simx,111,32,1,8,32,1,1,1,8,4,15505,7264,98879,1,ef7b6cf88bab7cba0cfa907f8370f3abea96af537e8d22ba846f37e8382c5393
simx,111,32,1,8,32,1,1,1,8,8,30837,13600,114211,1,ef7b6cf88bab7cba0cfa907f8370f3abea96af537e8d22ba846f37e8382c5393
rtlsim,111,32,1,8,32,1,1,1,1,4,8342,908,18670,1,ef7b6cf88bab7cba0cfa907f8370f3abea96af537e8d22ba846f37e8382c5393
rtlsim,111,32,1,8,32,1,1,1,1,8,16542,1700,26870,1,ef7b6cf88bab7cba0cfa907f8370f3abea96af537e8d22ba846f37e8382c5393
rtlsim,111,32,1,8,32,1,1,1,8,4,15492,7264,98940,1,ef7b6cf88bab7cba0cfa907f8370f3abea96af537e8d22ba846f37e8382c5393
rtlsim,111,32,1,8,32,1,1,1,8,8,30900,13600,114348,1,ef7b6cf88bab7cba0cfa907f8370f3abea96af537e8d22ba846f37e8382c5393
