parameter,arm,requests,resident,input_start,instructions_match,device_gap_pct,interval_gap_pct,pass_5pct
D44,A,16,8,1,True,0.5840748261685125,0.5865933750786145,True
D44,A,1,1,1,True,1.0471174399264815,1.1101282987162508,True
D44,A,2,2,1,True,0.2828574155259611,0.31368863369767297,True
D44,A,32,8,1,True,0.6219091378974362,0.6222931320293612,True
D44,A,4,4,1,True,0.7719715065890198,0.7950247798791721,True
D44,A,64,8,1,True,0.8595221801749875,0.8606879340685603,True
D44,A,8,1,1,True,1.0514289910447672,1.0590172843481294,True
D44,A,8,2,1,True,0.2272355012257088,0.23654700841579945,True
D44,A,8,4,1,True,1.5746894397154154,1.5919438679280362,True
D44,A,8,8,1,True,0.5195976801839697,0.52175469166309,True
D44,B,1,1,1,True,2.2175688389090675,2.3317630428960068,True
D44,B,8,8,1,True,1.139247015828515,1.143695715961257,True
D44,C,1,1,1,True,1.446704280183575,1.520056474497422,True
D44,C,8,8,1,True,0.5926053620988192,0.6073563842069474,True
D44,D,1,1,1,True,2.9058557474890057,3.049111373331981,True
D44,D,8,8,1,True,3.075784959152794,3.102402006927807,True
D44,E,16,8,1,True,2.6016405897222983,2.6161081596378977,True
D44,E,1,1,1,True,3.6805512274067254,3.859813506859411,True
D44,E,2,2,1,True,3.027785598179056,3.115997460219133,True
D44,E,32,8,1,True,2.9776007782847946,2.9854071398367488,True
D44,E,4,4,1,True,4.136812680522861,4.208441045238109,True
D44,E,64,8,1,True,3.407784927141555,3.413913565719373,True
D44,E,8,1,1,True,3.6777866596033992,3.6991659671052335,True
D44,E,8,2,1,True,3.3372239716513596,3.365260258091496,True
D44,E,8,4,1,True,3.867852961187046,3.912811688798623,True
D44,E,8,8,1,True,2.9042395307383617,2.9343396870686766,True
D65,A,16,8,1,True,0.7783988584031287,0.780620310615121,True
D65,A,1,1,1,True,0.8386182107806062,0.8686735759927844,True
D65,A,2,2,1,True,1.5174519962934285,1.5451955192733902,True
D65,A,32,8,1,True,0.6820623527418634,0.683055992069348,True
D65,A,4,4,1,True,0.6884501992179382,0.7051945963284623,True
D65,A,64,8,1,True,0.6478744880121012,0.6484260838818035,True
D65,A,8,1,1,True,0.8837618334121222,0.8880101346016023,True
D65,A,8,2,1,True,0.7328786052953951,0.7391246579072863,True
D65,A,8,4,1,True,1.3191729267009955,1.3283763038450913,True
D65,A,8,8,1,True,1.3331582068265568,1.339257582206299,True
D65,B,1,1,1,True,1.6869777138037167,1.7383827136658536,True
D65,B,8,8,1,True,2.102315695856549,2.1108410524654397,True
D65,C,1,1,1,True,1.182611528379629,1.217438707662355,True
D65,C,8,8,1,True,0.9640322598568063,0.9654445733703998,True
D65,D,1,1,1,True,2.399025323599513,2.464101721959644,True
D65,D,8,8,1,True,3.2265286787936054,3.247565220726567,True
D65,E,16,8,1,True,3.7206161399833237,3.733119001417118,True
D65,E,1,1,1,True,3.11262066001059,3.1924821453372942,True
D65,E,2,2,1,True,2.8979097898691686,2.9602839291936744,True
D65,E,32,8,1,True,3.516815894668357,3.523296518397978,True
D65,E,4,4,1,True,4.019355927474367,4.070735019907024,True
D65,E,64,8,1,True,3.673332653945871,3.675856040397907,True
D65,E,8,1,1,True,3.1946614281598507,3.2060385199012997,True
D65,E,8,2,1,True,3.118733885787517,3.1350787819940718,True
D65,E,8,4,1,True,4.774311350856397,4.801538562751196,True
D65,E,8,8,1,True,3.9062820004093446,3.9316384678171334,True
D87,A,16,8,1,True,0.39986818155840487,0.4009893909787232,True
D87,A,1,1,1,True,1.1081459657821147,1.1384897397535898,True
D87,A,2,2,1,True,0.5867573263573567,0.6021295969121487,True
D87,A,32,8,1,True,0.5728343160201432,0.5732909930931451,True
D87,A,4,4,1,True,1.1055056589408085,1.1192688837321163,True
D87,A,64,8,1,True,0.595166469681796,0.5954946247582305,True
D87,A,8,1,1,True,1.0796109640057505,1.0831832480481696,True
D87,A,8,2,1,True,0.8525184210533943,0.8576798184687262,True
D87,A,8,4,1,True,1.196563010082241,1.203852951308304,True
D87,A,8,8,1,True,0.47868079010798814,0.48107036517580637,True
D87,B,1,1,1,True,3.1834774477176753,3.2553630157530766,True
D87,B,8,8,1,True,3.317156094385798,3.328901504586934,True
D87,C,1,1,1,True,1.4964372870933218,1.5308120189259755,True
D87,C,8,8,1,True,1.3628570710785937,1.3678776960523775,True
D87,D,1,1,1,True,3.735326696384378,3.8211170423379848,True
D87,D,8,8,1,True,2.955512638678115,2.9683776790841665,True
D87,E,16,8,1,True,3.070218962099558,3.0784678687881595,True
D87,E,1,1,1,True,4.303712811759386,4.403238769916207,True
D87,E,2,2,1,True,3.2846477329880885,3.3292044113431007,True
D87,E,32,8,1,True,3.8634311153460277,3.868081282998148,True
D87,E,4,4,1,True,4.370151838378611,4.411895557327794,True
D87,E,64,8,1,True,3.5550351005391723,3.5575716305404015,True
D87,E,8,1,1,True,4.208882988434981,4.22037361849682,True
D87,E,8,2,1,True,3.7989459545785698,3.814313563770255,True
D87,E,8,4,1,True,5.197157250375484,5.220825430617304,False
D87,E,8,8,1,True,4.058947905553579,4.07970141085372,True
K1024,A,16,8,1,True,0.5919416040226722,0.592305394015824,True
K1024,A,1,1,1,True,0.9918983365360345,0.9921848682427847,True
K1024,A,2,2,1,True,1.6356352540873975,1.6369373419325428,True
K1024,A,32,8,1,True,0.6449739315421477,0.6451357588949547,True
K1024,A,4,4,1,True,0.2967077308495769,0.29629651537355084,True
K1024,A,64,8,1,True,0.3575556796314938,0.357607576900687,True
K1024,A,8,1,1,True,0.9868764967278287,0.9869136472502427,True
K1024,A,8,2,1,True,0.9849094697048755,0.985144564644802,True
K1024,A,8,4,1,True,0.1822249310024615,0.18200718022545193,True
K1024,A,8,8,1,True,0.4652562165632368,0.4656965331602425,True
K1024,B,1,1,1,True,3.6782833532337467,3.681643831788106,True
K1024,B,8,8,1,True,2.1453706653216775,2.1467219203372245,True
K1024,C,1,1,1,True,1.3063915269875603,1.3066150512240027,True
K1024,C,8,8,1,True,0.10894105216487926,0.10840529446649594,True
K1024,D,1,1,1,True,4.167964599883211,4.171404889490216,True
K1024,D,8,8,1,True,2.1670242716023913,2.170323446102318,True
K1024,E,16,8,1,True,3.265611207598862,3.269334156878756,True
K1024,E,1,1,1,True,4.062580867636156,4.066912500740438,True
K1024,E,2,2,1,True,4.2247135218973275,4.228681217658769,True
K1024,E,32,8,1,True,2.3806994051729924,2.3825034487058527,True
K1024,E,4,4,1,True,2.385310219476322,2.3871022354203464,True
K1024,E,64,8,1,True,2.6174298887611025,2.6182266476223015,True
K1024,E,8,1,1,True,4.064163086982653,4.064715526806861,True
K1024,E,8,2,1,True,4.019448201743925,4.020431319205531,True
K1024,E,8,4,1,True,3.141365875304303,3.1425455251048673,True
K1024,E,8,8,1,True,3.2066804862434406,3.2143297346439392,True
K512,A,16,8,1,True,2.1452284057871474,2.14642224107775,True
K512,A,1,1,1,True,1.3469707382218976,1.3479541239834636,True
K512,A,2,2,1,True,1.7106004833694177,1.711998095939149,True
K512,A,32,8,1,True,0.6669685621675026,0.667346501916044,True
K512,A,4,4,1,True,0.4552990802686008,0.45709009571752723,True
K512,A,64,8,1,True,0.6357980887939485,0.6357888540570622,True
K512,A,8,1,1,True,1.4021384335927034,1.4021849487297566,True
K512,A,8,2,1,True,2.206491160263213,2.20697043536795,True
K512,A,8,4,1,True,0.3466869729035871,0.3474493400780432,True
K512,A,8,8,1,True,0.6439235076121097,0.6445037706186874,True
K512,B,1,1,1,True,3.7827591346984657,3.7895359109592297,True
K512,B,8,8,1,True,2.3917889711070117,2.4019097197582773,True
K512,C,1,1,1,True,1.5022190229182275,1.5022681944607874,True
K512,C,8,8,1,True,1.6293246418943585,1.627325733945173,True
K512,D,1,1,1,True,4.422028878277462,4.4306954028056955,True
K512,D,8,8,1,True,1.147259461103911,1.1493629197910749,True
K512,E,16,8,1,True,1.1362319732517556,1.1431482451658481,True
K512,E,1,1,1,True,4.373455976558427,4.383434262703267,True
K512,E,2,2,1,True,2.949362496253738,2.9555745063228223,True
K512,E,32,8,1,True,1.9120274250398306,1.9167193785505576,True
K512,E,4,4,1,True,2.112905552138722,2.118050583365727,True
K512,E,64,8,1,True,2.007472389400644,2.00894659081412,True
K512,E,8,1,1,True,4.600633737371829,4.6018592638252365,True
K512,E,8,2,1,True,3.07988245365699,3.081555778135747,True
K512,E,8,4,1,True,2.039900127631389,2.0425406107917765,True
K512,E,8,8,1,True,2.6745579724978596,2.6916809647207773,True
K768,A,16,8,1,True,0.7678679231778229,0.767509810406275,True
K768,A,1,1,1,True,1.2883210929063083,1.2886148333781655,True
K768,A,2,2,1,True,3.2292564603666363,3.231195945627807,True
K768,A,32,8,1,True,0.6975397885638612,0.6976908759721567,True
K768,A,4,4,1,True,1.5761376451032927,1.5772592042176292,True
K768,A,64,8,1,True,0.5544031936157934,0.5544354580207633,True
K768,A,8,1,1,True,1.3183037998475422,1.3183540338238653,True
K768,A,8,2,1,True,2.5069239583714875,2.507196445159565,True
K768,A,8,4,1,True,0.941076146033426,0.941436939993956,True
K768,A,8,8,1,True,1.4010717702070297,1.4015964056398156,True
K768,B,1,1,1,True,3.9136693708225256,3.9183622964004905,True
K768,B,8,8,1,True,2.0596209820953115,2.0679610977023866,True
K768,C,1,1,1,True,1.4960201285409758,1.4967909170469418,True
K768,C,8,8,1,True,1.0570217617170918,1.057265058182355,True
K768,D,1,1,1,True,4.310412204787594,4.3169830551662685,True
K768,D,8,8,1,True,3.6330389176558398,3.638920747608465,True
K768,E,16,8,1,True,1.9773450250843205,1.9792887877221776,True
K768,E,1,1,1,True,4.333959105727803,4.3399996666524725,True
K768,E,2,2,1,True,4.513483401604256,4.519346418609416,True
K768,E,32,8,1,True,2.0251556191970055,2.0261307201009493,True
K768,E,4,4,1,True,1.0826453574056427,1.082667540853266,True
K768,E,64,8,1,True,2.2685062653194588,2.2692007363660616,True
K768,E,8,1,1,True,4.364246062616917,4.365019176998186,True
K768,E,8,2,1,True,4.675589816542358,4.677180621246679,True
K768,E,8,4,1,True,3.009093838819288,3.0105433004686044,True
K768,E,8,8,1,True,1.3120736029492819,1.3156754516511882,True
