parameter,arm,requests,resident,input_start,driver,cycles,cycles_per_request,requests_per_mcycle,instructions,device_cycles,calls_sha256,log
D44,A,16,8,1,simx,141363190,8835199.375,0.11318363712646835,27915982,141701799,72f0d78d6c295989bd88fa74145bbfe949517ee6c35a968ea240c60011e00705,D44_A_m16_w8_s1_simx.log
D44,A,16,8,1,xrt,142197310,8887331.875,0.11251970940941147,27915982,142534306,72f0d78d6c295989bd88fa74145bbfe949517ee6c35a968ea240c60011e00705,D44_A_m16_w8_s1_xrt.log
D44,A,1,1,1,simx,20988063,20988063.0,0.0476461310412495,1695763,21217579,6547d47f023bc623a386e82a3b8ba709d5429fbd815da348664ba4ac863a8747,D44_A_m1_w1_s1_simx.log
D44,A,1,1,1,xrt,21223673,21223673.0,0.047117197857317154,1695763,21442103,6547d47f023bc623a386e82a3b8ba709d5429fbd815da348664ba4ac863a8747,D44_A_m1_w1_s1_xrt.log
D44,A,2,2,1,simx,37834185,18917092.5,0.052862246140626526,4521905,38064968,f63dd2e7429ee197d684202e61fdac2df745bda70d96d70fdc7dc6ce5dd8dac2,D44_A_m2_w2_s1_simx.log
D44,A,2,2,1,xrt,37953240,18976620.0,0.052696423282966094,4521905,38172943,f63dd2e7429ee197d684202e61fdac2df745bda70d96d70fdc7dc6ce5dd8dac2,D44_A_m2_w2_s1_xrt.log
D44,A,32,8,1,simx,272572120,8517878.75,0.1174001214797757,55727525,272911494,341048afb05c7ced265d82b1723c148f1b204001370144eeca44224b39c02f7a,D44_A_m32_w8_s1_simx.log
D44,A,32,8,1,xrt,274278939,8571216.84375,0.11666954858681293,55727525,274619377,341048afb05c7ced265d82b1723c148f1b204001370144eeca44224b39c02f7a,D44_A_m32_w8_s1_xrt.log
D44,A,4,4,1,simx,52003998,13000999.5,0.07691716317656962,8819489,52237773,84921d252f0886bae19d5ed9b5697ce8fdf93e462b5b5d3bdbfd6cc174b37be7,D44_A_m4_w4_s1_simx.log
D44,A,4,4,1,xrt,52420756,13105189.0,0.07630565266933578,8819489,52644171,84921d252f0886bae19d5ed9b5697ce8fdf93e462b5b5d3bdbfd6cc174b37be7,D44_A_m4_w4_s1_xrt.log
D44,A,64,8,1,simx,571048024,8922625.375,0.11207463700110798,114483658,571388060,a42f8cb76b9871f1aecaf6dd267ade59419e9e4bcc0f7d99a5d73492dd6239e4,D44_A_m64_w8_s1_simx.log
D44,A,64,8,1,xrt,576005635,9000088.046875,0.11111002412328831,114483658,576341846,a42f8cb76b9871f1aecaf6dd267ade59419e9e4bcc0f7d99a5d73492dd6239e4,D44_A_m64_w8_s1_xrt.log
D44,A,8,1,1,simx,174402638,21800329.75,0.045870865783578345,13912733,174632166,170dd05191ac5fec21557912af8fe4d13ee37cad28180c03cb64398d048da3e4,D44_A_m8_w1_s1_simx.log
D44,A,8,1,1,xrt,176269361,22033670.125,0.045385085386450114,13912733,176487810,170dd05191ac5fec21557912af8fe4d13ee37cad28180c03cb64398d048da3e4,D44_A_m8_w1_s1_xrt.log
D44,A,8,2,1,simx,123995879,15499484.875,0.06451827322422546,14614660,124226664,170dd05191ac5fec21557912af8fe4d13ee37cad28180c03cb64398d048da3e4,D44_A_m8_w2_s1_simx.log
D44,A,8,2,1,xrt,124289883,15536235.375,0.06436565717903202,14614660,124509594,170dd05191ac5fec21557912af8fe4d13ee37cad28180c03cb64398d048da3e4,D44_A_m8_w2_s1_xrt.log
D44,A,8,4,1,simx,83931803,10491475.375,0.09531547892519358,14614974,84165987,170dd05191ac5fec21557912af8fe4d13ee37cad28180c03cb64398d048da3e4,D44_A_m8_w4_s1_simx.log
D44,A,8,4,1,xrt,85289565,10661195.625,0.09379811000325773,14614974,85512544,170dd05191ac5fec21557912af8fe4d13ee37cad28180c03cb64398d048da3e4,D44_A_m8_w4_s1_xrt.log
D44,A,8,8,1,simx,73010179,9126272.375,0.10957376231059507,14615602,73350659,170dd05191ac5fec21557912af8fe4d13ee37cad28180c03cb64398d048da3e4,D44_A_m8_w8_s1_simx.log
D44,A,8,8,1,xrt,73393111,9174138.875,0.10900205606490779,14615602,73733778,170dd05191ac5fec21557912af8fe4d13ee37cad28180c03cb64398d048da3e4,D44_A_m8_w8_s1_xrt.log
D44,B,1,1,1,simx,13751259,13751259.0,0.07272061416340132,1116791,13983578,6547d47f023bc623a386e82a3b8ba709d5429fbd815da348664ba4ac863a8747,D44_B_m1_w1_s1_simx.log
D44,B,1,1,1,xrt,14079561,14079561.0,0.07102494175777213,1116791,14300706,6547d47f023bc623a386e82a3b8ba709d5429fbd815da348664ba4ac863a8747,D44_B_m1_w1_s1_xrt.log
D44,B,8,8,1,simx,47662453,5957806.625,0.16784700527268287,9792690,48002933,170dd05191ac5fec21557912af8fe4d13ee37cad28180c03cb64398d048da3e4,D44_B_m8_w8_s1_simx.log
D44,B,8,8,1,xrt,48213873,6026734.125,0.16592734626400996,9792690,48556107,170dd05191ac5fec21557912af8fe4d13ee37cad28180c03cb64398d048da3e4,D44_B_m8_w8_s1_xrt.log
D44,C,1,1,1,simx,19124548,19124548.0,0.05228881749257551,1572083,19354047,6547d47f023bc623a386e82a3b8ba709d5429fbd815da348664ba4ac863a8747,D44_C_m1_w1_s1_simx.log
D44,C,1,1,1,xrt,19419739,19419739.0,0.05149399793684148,1572083,19638153,6547d47f023bc623a386e82a3b8ba709d5429fbd815da348664ba4ac863a8747,D44_C_m1_w1_s1_xrt.log
D44,C,8,8,1,simx,64024489,8003061.125,0.12495218821660568,13589298,64365454,170dd05191ac5fec21557912af8fe4d13ee37cad28180c03cb64398d048da3e4,D44_C_m8_w8_s1_simx.log
D44,C,8,8,1,xrt,64415722,8051965.25,0.12419328312426585,13589298,64749161,170dd05191ac5fec21557912af8fe4d13ee37cad28180c03cb64398d048da3e4,D44_C_m8_w8_s1_xrt.log
D44,D,1,1,1,simx,11907767,11907767.0,0.08397880139912042,993111,12140077,6547d47f023bc623a386e82a3b8ba709d5429fbd815da348664ba4ac863a8747,D44_D_m1_w1_s1_simx.log
D44,D,1,1,1,xrt,12282267,12282267.0,0.08141819421447197,993111,12503408,6547d47f023bc623a386e82a3b8ba709d5429fbd815da348664ba4ac863a8747,D44_D_m1_w1_s1_xrt.log
D44,D,8,8,1,simx,38851589,4856448.625,0.20591178394273654,8766386,39195414,170dd05191ac5fec21557912af8fe4d13ee37cad28180c03cb64398d048da3e4,D44_D_m8_w8_s1_simx.log
D44,D,8,8,1,xrt,40095513,5011939.125,0.19952357262519624,8766386,40439238,170dd05191ac5fec21557912af8fe4d13ee37cad28180c03cb64398d048da3e4,D44_D_m8_w8_s1_xrt.log
D44,E,16,8,1,simx,71410003,4463125.1875,0.22405824573344438,14291639,71755482,72f0d78d6c295989bd88fa74145bbfe949517ee6c35a968ea240c60011e00705,D44_E_m16_w8_s1_simx.log
D44,E,16,8,1,xrt,73328352,4583022.0,0.2181966396844702,14291639,73672167,72f0d78d6c295989bd88fa74145bbfe949517ee6c35a968ea240c60011e00705,D44_E_m16_w8_s1_xrt.log
D44,E,1,1,1,simx,10414453,10414453.0,0.09602040548841115,825435,10648012,6547d47f023bc623a386e82a3b8ba709d5429fbd815da348664ba4ac863a8747,D44_E_m1_w1_s1_simx.log
D44,E,1,1,1,xrt,10832570,10832570.0,0.09231419690802829,825435,11054893,6547d47f023bc623a386e82a3b8ba709d5429fbd815da348664ba4ac863a8747,D44_E_m1_w1_s1_xrt.log
D44,E,2,2,1,simx,19718740,9859370.0,0.10142635888499975,2319983,19953510,f63dd2e7429ee197d684202e61fdac2df745bda70d96d70fdc7dc6ce5dd8dac2,D44_E_m2_w2_s1_simx.log
D44,E,2,2,1,xrt,20352937,10176468.5,0.09826591611815041,2319983,20576523,f63dd2e7429ee197d684202e61fdac2df745bda70d96d70fdc7dc6ce5dd8dac2,D44_E_m2_w2_s1_xrt.log
D44,E,32,8,1,simx,136775333,4274229.15625,0.2339603150518376,28540835,137120024,341048afb05c7ced265d82b1723c148f1b204001370144eeca44224b39c02f7a,D44_E_m32_w8_s1_simx.log
D44,E,32,8,1,xrt,140984288,4405759.0,0.2269756471018955,28540835,141328214,341048afb05c7ced265d82b1723c148f1b204001370144eeca44224b39c02f7a,D44_E_m32_w8_s1_xrt.log
D44,E,4,4,1,simx,26846686,6711671.5,0.14899418125574232,4523231,27084558,84921d252f0886bae19d5ed9b5697ce8fdf93e462b5b5d3bdbfd6cc174b37be7,D44_E_m4_w4_s1_simx.log
D44,E,4,4,1,xrt,28026150,7006537.5,0.14272384897675922,4523231,28253346,84921d252f0886bae19d5ed9b5697ce8fdf93e462b5b5d3bdbfd6cc174b37be7,D44_E_m4_w4_s1_xrt.log
D44,E,64,8,1,simx,287771809,4496434.515625,0.22239843514345076,58618254,288117360,a42f8cb76b9871f1aecaf6dd267ade59419e9e4bcc0f7d99a5d73492dd6239e4,D44_E_m64_w8_s1_simx.log
D44,E,64,8,1,xrt,297943337,4655364.640625,0.21480594479614087,58618254,298282175,a42f8cb76b9871f1aecaf6dd267ade59419e9e4bcc0f7d99a5d73492dd6239e4,D44_E_m64_w8_s1_xrt.log
D44,E,8,1,1,simx,87436323,10929540.375,0.09149515585187634,6786530,87669901,170dd05191ac5fec21557912af8fe4d13ee37cad28180c03cb64398d048da3e4,D44_E_m8_w1_s1_simx.log
D44,E,8,1,1,xrt,90794980,11349372.5,0.08811059818505385,6786530,91017324,170dd05191ac5fec21557912af8fe4d13ee37cad28180c03cb64398d048da3e4,D44_E_m8_w1_s1_xrt.log
D44,E,8,2,1,simx,64336444,8042055.5,0.124346319171759,7488464,64571238,170dd05191ac5fec21557912af8fe4d13ee37cad28180c03cb64398d048da3e4,D44_E_m8_w2_s1_simx.log
D44,E,8,2,1,xrt,66576931,8322116.375,0.1201617419102722,7488464,66800521,170dd05191ac5fec21557912af8fe4d13ee37cad28180c03cb64398d048da3e4,D44_E_m8_w2_s1_xrt.log
D44,E,8,4,1,simx,43348802,5418600.25,0.18454950612014606,7488776,43587023,170dd05191ac5fec21557912af8fe4d13ee37cad28180c03cb64398d048da3e4,D44_E_m8_w4_s1_simx.log
D44,E,8,4,1,xrt,45114029,5639253.625,0.17732843147305685,7488776,45340736,170dd05191ac5fec21557912af8fe4d13ee37cad28180c03cb64398d048da3e4,D44_E_m8_w4_s1_xrt.log
D44,E,8,8,1,simx,36749555,4593694.375,0.21768971080057975,7489400,37095144,170dd05191ac5fec21557912af8fe4d13ee37cad28180c03cb64398d048da3e4,D44_E_m8_w8_s1_simx.log
D44,E,8,8,1,xrt,37860511,4732563.875,0.21130195522189332,7489400,38204700,170dd05191ac5fec21557912af8fe4d13ee37cad28180c03cb64398d048da3e4,D44_E_m8_w8_s1_xrt.log
D65,A,16,8,1,simx,221587233,13849202.0625,0.07220632607475179,47929543,221929500,68724c05da00caf55981d443d4214315fe9ba3e5dab8da8d8062c0556035e9eb,D65_A_m16_w8_s1_simx.log
D65,A,16,8,1,xrt,223330597,13958162.3125,0.0716426688278633,47929543,223670549,68724c05da00caf55981d443d4214315fe9ba3e5dab8da8d8062c0556035e9eb,D65_A_m16_w8_s1_xrt.log
D65,A,1,1,1,simx,42744738,42744738.0,0.023394692464836258,3410373,42975463,f4034859ac50ec4eb2217fe75f8455395afcf9502ca8e18fef5216b90c2325c6,D65_A_m1_w1_s1_simx.log
D65,A,1,1,1,xrt,43119304,43119304.0,0.02319146895320945,3410373,43338911,f4034859ac50ec4eb2217fe75f8455395afcf9502ca8e18fef5216b90c2325c6,D65_A_m1_w1_s1_xrt.log
D65,A,2,2,1,simx,51310190,25655095.0,0.03897861224057054,6924546,51542042,0b9125700787bb207c32e2fa578963a7c4f0d5e9cbfeb5c2490845d2dfb1edfd,D65_A_m2_w2_s1_simx.log
D65,A,2,2,1,xrt,52115476,26057738.0,0.03837631647075429,6924546,52336219,0b9125700787bb207c32e2fa578963a7c4f0d5e9cbfeb5c2490845d2dfb1edfd,D65_A_m2_w2_s1_xrt.log
D65,A,32,8,1,simx,419273768,13102305.25,0.07632244715104619,88619129,419615747,13eaa8386d3c7b04e49ca9427620c146aae54565964441a29064fed2e94dabe1,D65_A_m32_w8_s1_simx.log
D65,A,32,8,1,xrt,422157339,13192416.84375,0.075801122102487,88619129,422497443,13eaa8386d3c7b04e49ca9427620c146aae54565964441a29064fed2e94dabe1,D65_A_m32_w8_s1_xrt.log
D65,A,4,4,1,simx,73804119,18451029.75,0.054197517078958694,13330772,74039267,a0a4d4bfb3b7a5a0636e28017d26d00382eb6d6c2e4d9f7a6bf1cc0fbb4fffca,D65_A_m4_w4_s1_simx.log
D65,A,4,4,1,xrt,74328278,18582069.5,0.05381531911717368,13330772,74552524,a0a4d4bfb3b7a5a0636e28017d26d00382eb6d6c2e4d9f7a6bf1cc0fbb4fffca,D65_A_m4_w4_s1_xrt.log
D65,A,64,8,1,simx,884368262,13818254.09375,0.07236804253384661,180604350,884710847,429581fb5845173775a1ba64e61131fab272aad4943859798207e64dfe480a2a,D65_A_m64_w8_s1_simx.log
D65,A,64,8,1,xrt,890140163,13908440.046875,0.07189878926966246,180604350,890480040,429581fb5845173775a1ba64e61131fab272aad4943859798207e64dfe480a2a,D65_A_m64_w8_s1_xrt.log
D65,A,8,1,1,simx,304775824,38096978.0,0.026248801151629402,24199917,305006554,118b56c76487ff110e6a890e7129d04f8c6033c489647fe1af3f5e8dd2ec6ed8,D65_A_m8_w1_s1_simx.log
D65,A,8,1,1,xrt,307506513,38438314.125,0.02601570913719151,24199917,307726120,118b56c76487ff110e6a890e7129d04f8c6033c489647fe1af3f5e8dd2ec6ed8,D65_A_m8_w1_s1_xrt.log
D65,A,8,2,1,simx,202125385,25265673.125,0.039579392761577174,25404772,202357241,118b56c76487ff110e6a890e7129d04f8c6033c489647fe1af3f5e8dd2ec6ed8,D65_A_m8_w2_s1_simx.log
D65,A,8,2,1,xrt,203630468,25453808.5,0.03928685171022639,25404772,203851223,118b56c76487ff110e6a890e7129d04f8c6033c489647fe1af3f5e8dd2ec6ed8,D65_A_m8_w2_s1_xrt.log
D65,A,8,4,1,simx,145196577,18149572.125,0.055097717627323954,25405086,145431385,118b56c76487ff110e6a890e7129d04f8c6033c489647fe1af3f5e8dd2ec6ed8,D65_A_m8_w4_s1_simx.log
D65,A,8,4,1,xrt,147151300,18393912.5,0.054365812602403106,25405086,147375523,118b56c76487ff110e6a890e7129d04f8c6033c489647fe1af3f5e8dd2ec6ed8,D65_A_m8_w4_s1_xrt.log
D65,A,8,8,1,simx,115372707,14421588.375,0.06934048968791207,25405714,115715514,118b56c76487ff110e6a890e7129d04f8c6033c489647fe1af3f5e8dd2ec6ed8,D65_A_m8_w8_s1_simx.log
D65,A,8,8,1,xrt,116938819,14617352.375,0.06841184192222773,25405714,117279029,118b56c76487ff110e6a890e7129d04f8c6033c489647fe1af3f5e8dd2ec6ed8,D65_A_m8_w8_s1_xrt.log
D65,B,1,1,1,simx,28654139,28654139.0,0.03489897218688023,2281161,28887743,f4034859ac50ec4eb2217fe75f8455395afcf9502ca8e18fef5216b90c2325c6,D65_B_m1_w1_s1_simx.log
D65,B,1,1,1,xrt,29161070,29161070.0,0.03429229448713644,2281161,29383435,f4034859ac50ec4eb2217fe75f8455395afcf9502ca8e18fef5216b90c2325c6,D65_B_m1_w1_s1_xrt.log
D65,B,8,8,1,simx,74264419,9283052.375,0.10772318840870485,17040994,74609651,118b56c76487ff110e6a890e7129d04f8c6033c489647fe1af3f5e8dd2ec6ed8,D65_B_m8_w8_s1_simx.log
D65,B,8,8,1,xrt,75865826,9483228.25,0.10544932312474921,17040994,76211865,118b56c76487ff110e6a890e7129d04f8c6033c489647fe1af3f5e8dd2ec6ed8,D65_B_m8_w8_s1_xrt.log
D65,C,1,1,1,simx,38876039,38876039.0,0.02572278518395354,3151501,39106688,f4034859ac50ec4eb2217fe75f8455395afcf9502ca8e18fef5216b90c2325c6,D65_C_m1_w1_s1_simx.log
D65,C,1,1,1,xrt,39355164,39355164.0,0.025409626040435253,3151501,39574703,f4034859ac50ec4eb2217fe75f8455395afcf9502ca8e18fef5216b90c2325c6,D65_C_m1_w1_s1_xrt.log
D65,C,8,8,1,simx,102064174,12758021.75,0.07838205793935098,23663402,102403154,118b56c76487ff110e6a890e7129d04f8c6033c489647fe1af3f5e8dd2ec6ed8,D65_C_m8_w8_s1_simx.log
D65,C,8,8,1,xrt,103059153,12882394.125,0.07762532261447948,23663402,103399963,118b56c76487ff110e6a890e7129d04f8c6033c489647fe1af3f5e8dd2ec6ed8,D65_C_m8_w8_s1_xrt.log
D65,D,1,1,1,simx,24803020,24803020.0,0.04031767099329033,2022289,25036603,f4034859ac50ec4eb2217fe75f8455395afcf9502ca8e18fef5216b90c2325c6,D65_D_m1_w1_s1_simx.log
D65,D,1,1,1,xrt,25429632,25429632.0,0.039324202568090647,2022289,25652001,f4034859ac50ec4eb2217fe75f8455395afcf9502ca8e18fef5216b90c2325c6,D65_D_m1_w1_s1_xrt.log
D65,D,8,8,1,simx,60616127,7577015.875,0.13197807903497363,15298682,60962546,118b56c76487ff110e6a890e7129d04f8c6033c489647fe1af3f5e8dd2ec6ed8,D65_D_m8_w8_s1_simx.log
D65,D,8,8,1,xrt,62650751,7831343.875,0.12769200484125082,15298682,62995101,118b56c76487ff110e6a890e7129d04f8c6033c489647fe1af3f5e8dd2ec6ed8,D65_D_m8_w8_s1_xrt.log
D65,E,16,8,1,simx,113288453,7080528.3125,0.14123239903364201,24460926,113634928,68724c05da00caf55981d443d4214315fe9ba3e5dab8da8d8062c0556035e9eb,D65_E_m16_w8_s1_simx.log
D65,E,16,8,1,xrt,117681649,7355103.0625,0.1359600255091599,24460926,118026231,68724c05da00caf55981d443d4214315fe9ba3e5dab8da8d8062c0556035e9eb,D65_E_m16_w8_s1_xrt.log
D65,E,1,1,1,simx,21990849,21990849.0,0.04547346034707437,1678784,22224434,f4034859ac50ec4eb2217fe75f8455395afcf9502ca8e18fef5216b90c2325c6,D65_E_m1_w1_s1_simx.log
D65,E,1,1,1,xrt,22716055,22716055.0,0.04402172824462698,1678784,22938420,f4034859ac50ec4eb2217fe75f8455395afcf9502ca8e18fef5216b90c2325c6,D65_E_m1_w1_s1_xrt.log
D65,E,2,2,1,simx,27483306,13741653.0,0.07277144896614694,3562030,27718048,0b9125700787bb207c32e2fa578963a7c4f0d5e9cbfeb5c2490845d2dfb1edfd,D65_E_m2_w2_s1_simx.log
D65,E,2,2,1,xrt,28321709,14160854.5,0.0706172074573607,3562030,28545264,0b9125700787bb207c32e2fa578963a7c4f0d5e9cbfeb5c2490845d2dfb1edfd,D65_E_m2_w2_s1_xrt.log
D65,E,32,8,1,simx,213049622,6657800.6875,0.15019975017838802,45090572,213396338,13eaa8386d3c7b04e49ca9427620c146aae54565964441a29064fed2e94dabe1,D65_E_m32_w8_s1_simx.log
D65,E,32,8,1,xrt,220830122,6900941.3125,0.14490776760971041,45090572,221174643,13eaa8386d3c7b04e49ca9427620c146aae54565964441a29064fed2e94dabe1,D65_E_m32_w8_s1_xrt.log
D65,E,4,4,1,simx,38544418,9636104.5,0.1037763756090441,6830601,38782752,a0a4d4bfb3b7a5a0636e28017d26d00382eb6d6c2e4d9f7a6bf1cc0fbb4fffca,D65_E_m4_w4_s1_simx.log
D65,E,4,4,1,xrt,40180041,10045010.25,0.09955191434473648,6830601,40406847,a0a4d4bfb3b7a5a0636e28017d26d00382eb6d6c2e4d9f7a6bf1cc0fbb4fffca,D65_E_m4_w4_s1_xrt.log
D65,E,64,8,1,simx,451420026,7053437.90625,0.14177483566048088,91971448,451763491,429581fb5845173775a1ba64e61131fab272aad4943859798207e64dfe480a2a,D65_E_m64_w8_s1_simx.log
D65,E,64,8,1,xrt,468646808,7322606.375,0.13656339680009086,91971448,468991094,429581fb5845173775a1ba64e61131fab272aad4943859798207e64dfe480a2a,D65_E_m64_w8_s1_xrt.log
D65,E,8,1,1,simx,155836466,19479558.25,0.05133586640754546,11799868,156070047,118b56c76487ff110e6a890e7129d04f8c6033c489647fe1af3f5e8dd2ec6ed8,D65_E_m8_w1_s1_simx.log
D65,E,8,1,1,xrt,160998128,20124766.0,0.04969001875599448,11799868,161220496,118b56c76487ff110e6a890e7129d04f8c6033c489647fe1af3f5e8dd2ec6ed8,D65_E_m8_w1_s1_xrt.log
D65,E,8,2,1,simx,107621175,13452646.875,0.07433481375760857,13004680,107855943,118b56c76487ff110e6a890e7129d04f8c6033c489647fe1af3f5e8dd2ec6ed8,D65_E_m8_w2_s1_simx.log
D65,E,8,2,1,xrt,111104385,13888048.125,0.07200435878385898,13004680,111327966,118b56c76487ff110e6a890e7129d04f8c6033c489647fe1af3f5e8dd2ec6ed8,D65_E_m8_w2_s1_xrt.log
D65,E,8,4,1,simx,76128933,9516116.625,0.1050848827738069,13004992,76366700,118b56c76487ff110e6a890e7129d04f8c6033c489647fe1af3f5e8dd2ec6ed8,D65_E_m8_w4_s1_simx.log
D65,E,8,4,1,xrt,79968659,9996082.375,0.10003919160380069,13004992,80195482,118b56c76487ff110e6a890e7129d04f8c6033c489647fe1af3f5e8dd2ec6ed8,D65_E_m8_w4_s1_xrt.log
D65,E,8,8,1,simx,59570549,7446318.625,0.13429454880464506,13005616,59917045,118b56c76487ff110e6a890e7129d04f8c6033c489647fe1af3f5e8dd2ec6ed8,D65_E_m8_w8_s1_simx.log
D65,E,8,8,1,xrt,62008499,7751062.375,0.12901457266366018,13005616,62352718,118b56c76487ff110e6a890e7129d04f8c6033c489647fe1af3f5e8dd2ec6ed8,D65_E_m8_w8_s1_xrt.log
D87,A,16,8,1,simx,309029133,19314320.8125,0.05177505384257736,61278198,309373061,203b4be076c2724ce14d568a6b9f63c51f321c59afcabcc0c34a3d38f4402aed,D87_A_m16_w8_s1_simx.log
D87,A,16,8,1,xrt,310273296,19392081.0,0.05156744136949511,61278198,310615112,203b4be076c2724ce14d568a6b9f63c51f321c59afcabcc0c34a3d38f4402aed,D87_A_m16_w8_s1_xrt.log
D87,A,1,1,1,simx,44020210,44020210.0,0.02271683847032988,3477371,44250685,dbd8dd54abe595373523a5576fb70c379e15515cfcdb25ca83f0513573d42b5f,D87_A_m1_w1_s1_simx.log
D87,A,1,1,1,xrt,44527147,44527147.0,0.022458209595148774,3477371,44746542,dbd8dd54abe595373523a5576fb70c379e15515cfcdb25ca83f0513573d42b5f,D87_A_m1_w1_s1_xrt.log
D87,A,2,2,1,simx,79147256,39573628.0,0.025269353621052888,9258380,79378810,ca41b3b94063d47fadf82f117d6f700b3c1a41ec1ac61b6375bacc14bfec3d3d,D87_A_m2_w2_s1_simx.log
D87,A,2,2,1,xrt,79626712,39813356.0,0.025117199363952136,9258380,79847320,ca41b3b94063d47fadf82f117d6f700b3c1a41ec1ac61b6375bacc14bfec3d3d,D87_A_m2_w2_s1_xrt.log
D87,A,32,8,1,simx,625871223,19558475.71875,0.05112872876086843,123996195,626213548,1356ad93d4b1ccd70d6f846da5f8467480cc65acb60c9adcd0a9f9aa43af6ab3,D87_A_m32_w8_s1_simx.log
D87,A,32,8,1,xrt,629479975,19671249.21875,0.05083561236399935,123996195,629821381,1356ad93d4b1ccd70d6f846da5f8467480cc65acb60c9adcd0a9f9aa43af6ab3,D87_A_m32_w8_s1_xrt.log
D87,A,4,4,1,simx,97961345,24490336.25,0.04083243242525917,15584878,98196497,9445c88b5f7f9b6c01ee112d39788706dc2c6d8417a1e7cb4f3ba9fbcfffcbb6,D87_A_m4_w4_s1_simx.log
D87,A,4,4,1,xrt,99070207,24767551.75,0.0403754077146523,15584878,99294200,9445c88b5f7f9b6c01ee112d39788706dc2c6d8417a1e7cb4f3ba9fbcfffcbb6,D87_A_m4_w4_s1_xrt.log
D87,A,64,8,1,simx,1252289899,19567029.671875,0.051106377246280095,249585879,1252633263,79e951aa26d7ebd9839ad6374bb0c9cd872681811a6d065cc2f666fa5bdb1717,D87_A_m64_w8_s1_simx.log
D87,A,64,8,1,xrt,1259791892,19684248.3125,0.05080204151686984,249585879,1260133153,79e951aa26d7ebd9839ad6374bb0c9cd872681811a6d065cc2f666fa5bdb1717,D87_A_m64_w8_s1_xrt.log
D87,A,8,1,1,simx,372421091,46552636.375,0.021481060534243483,29249019,372651568,3bf8bbba0b3b7dcb039aca27d2c0e8ef577bb87095dc22193740ffe3e632cca4,D87_A_m8_w1_s1_simx.log
D87,A,8,1,1,xrt,376499268,47062408.5,0.02124838128503347,29249019,376718664,3bf8bbba0b3b7dcb039aca27d2c0e8ef577bb87095dc22193740ffe3e632cca4,D87_A_m8_w1_s1_xrt.log
D87,A,8,2,1,simx,246726272,30840784.0,0.03242459724759267,30910955,246957840,3bf8bbba0b3b7dcb039aca27d2c0e8ef577bb87095dc22193740ffe3e632cca4,D87_A_m8_w2_s1_simx.log
D87,A,8,2,1,xrt,248860700,31107587.5,0.0321464980207803,30910955,249081304,3bf8bbba0b3b7dcb039aca27d2c0e8ef577bb87095dc22193740ffe3e632cca4,D87_A_m8_w2_s1_xrt.log
D87,A,8,4,1,simx,186959340,23369917.5,0.04279005263925301,30911271,187194455,3bf8bbba0b3b7dcb039aca27d2c0e8ef577bb87095dc22193740ffe3e632cca4,D87_A_m8_w4_s1_simx.log
D87,A,8,4,1,xrt,189237481,23654685.125,0.04227492332768898,30911271,189461481,3bf8bbba0b3b7dcb039aca27d2c0e8ef577bb87095dc22193740ffe3e632cca4,D87_A_m8_w4_s1_xrt.log
D87,A,8,8,1,simx,158053698,19756712.25,0.050615709099068346,30911903,158397644,3bf8bbba0b3b7dcb039aca27d2c0e8ef577bb87095dc22193740ffe3e632cca4,D87_A_m8_w8_s1_simx.log
D87,A,8,8,1,xrt,158817723,19852215.375,0.05037221192246913,30911903,159159510,3bf8bbba0b3b7dcb039aca27d2c0e8ef577bb87095dc22193740ffe3e632cca4,D87_A_m8_w8_s1_xrt.log
D87,B,1,1,1,simx,24606357,24606357.0,0.040639904557996945,1919551,24839704,dbd8dd54abe595373523a5576fb70c379e15515cfcdb25ca83f0513573d42b5f,D87_B_m1_w1_s1_simx.log
D87,B,1,1,1,xrt,25434337,25434337.0,0.039316928135378564,1919551,25656472,dbd8dd54abe595373523a5576fb70c379e15515cfcdb25ca83f0513573d42b5f,D87_B_m1_w1_s1_xrt.log
D87,B,8,8,1,simx,92482392,11560299.0,0.08650295290805195,18110511,92828184,3bf8bbba0b3b7dcb039aca27d2c0e8ef577bb87095dc22193740ffe3e632cca4,D87_B_m8_w8_s1_simx.log
D87,B,8,8,1,xrt,95667054,11958381.75,0.08362335480718368,18110511,96013088,3bf8bbba0b3b7dcb039aca27d2c0e8ef577bb87095dc22193740ffe3e632cca4,D87_B_m8_w8_s1_xrt.log
D87,C,1,1,1,simx,41237862,41237862.0,0.024249559785616433,3291139,41468282,dbd8dd54abe595373523a5576fb70c379e15515cfcdb25ca83f0513573d42b5f,D87_C_m1_w1_s1_simx.log
D87,C,1,1,1,xrt,41878950,41878950.0,0.023878344609881575,3291139,42098256,dbd8dd54abe595373523a5576fb70c379e15515cfcdb25ca83f0513573d42b5f,D87_C_m1_w1_s1_xrt.log
D87,C,8,8,1,simx,143395735,17924466.875,0.0557896648739239,29264639,143739956,3bf8bbba0b3b7dcb039aca27d2c0e8ef577bb87095dc22193740ffe3e632cca4,D87_C_m8_w8_s1_simx.log
D87,C,8,8,1,xrt,145384416,18173052.0,0.05502653049141113,29264639,145725993,3bf8bbba0b3b7dcb039aca27d2c0e8ef577bb87095dc22193740ffe3e632cca4,D87_C_m8_w8_s1_xrt.log
D87,D,1,1,1,simx,21878377,21878377.0,0.045707229562777896,1733319,22111698,dbd8dd54abe595373523a5576fb70c379e15515cfcdb25ca83f0513573d42b5f,D87_D_m1_w1_s1_simx.log
D87,D,1,1,1,xrt,22747589,22747589.0,0.043960702824374046,1733319,22969691,dbd8dd54abe595373523a5576fb70c379e15515cfcdb25ca83f0513573d42b5f,D87_D_m1_w1_s1_xrt.log
D87,D,8,8,1,simx,79794367,9974295.875,0.10025770365469533,16463247,80140640,3bf8bbba0b3b7dcb039aca27d2c0e8ef577bb87095dc22193740ffe3e632cca4,D87_D_m8_w8_s1_simx.log
D87,D,8,8,1,xrt,82235425,10279428.125,0.097281676357847,16463247,82581342,3bf8bbba0b3b7dcb039aca27d2c0e8ef577bb87095dc22193740ffe3e632cca4,D87_D_m8_w8_s1_xrt.log
D87,E,16,8,1,simx,153105978,9569123.625,0.10450277780793119,28519364,153452768,203b4be076c2724ce14d568a6b9f63c51f321c59afcabcc0c34a3d38f4402aed,D87_E_m16_w8_s1_simx.log
D87,E,16,8,1,xrt,157969003,9873062.6875,0.10128569337112295,28519364,158313334,203b4be076c2724ce14d568a6b9f63c51f321c59afcabcc0c34a3d38f4402aed,D87_E_m16_w8_s1_xrt.log
D87,E,1,1,1,simx,19945162,19945162.0,0.05013747193429665,1503106,20178455,dbd8dd54abe595373523a5576fb70c379e15515cfcdb25ca83f0513573d42b5f,D87_E_m1_w1_s1_simx.log
D87,E,1,1,1,xrt,20863847,20863847.0,0.04792979933182984,1503106,21085933,dbd8dd54abe595373523a5576fb70c379e15515cfcdb25ca83f0513573d42b5f,D87_E_m1_w1_s1_xrt.log
D87,E,2,2,1,simx,40224458,20112229.0,0.04972099313308336,4380126,40458972,ca41b3b94063d47fadf82f117d6f700b3c1a41ec1ac61b6375bacc14bfec3d3d,D87_E_m2_w2_s1_simx.log
D87,E,2,2,1,xrt,41609731,20804865.5,0.048065679636333146,4380126,41833040,ca41b3b94063d47fadf82f117d6f700b3c1a41ec1ac61b6375bacc14bfec3d3d,D87_E_m2_w2_s1_xrt.log
D87,E,32,8,1,simx,307983196,9624474.875,0.10390177261489292,57763805,308329396,1356ad93d4b1ccd70d6f846da5f8467480cc65acb60c9adcd0a9f9aa43af6ab3,D87_E_m32_w8_s1_simx.log
D87,E,32,8,1,xrt,320375584,10011737.0,0.09988276759567295,57763805,320720200,1356ad93d4b1ccd70d6f846da5f8467480cc65acb60c9adcd0a9f9aa43af6ab3,D87_E_m32_w8_s1_xrt.log
D87,E,4,4,1,simx,48578821,12144705.25,0.08234040920836674,7261476,48816838,9445c88b5f7f9b6c01ee112d39788706dc2c6d8417a1e7cb4f3ba9fbcfffcbb6,D87_E_m4_w4_s1_simx.log
D87,E,4,4,1,xrt,50820990,12705247.5,0.0787076363526173,7261476,51047700,9445c88b5f7f9b6c01ee112d39788706dc2c6d8417a1e7cb4f3ba9fbcfffcbb6,D87_E_m4_w4_s1_xrt.log
D87,E,64,8,1,simx,618605417,9665709.640625,0.10345851853411753,116347477,618953257,79e951aa26d7ebd9839ad6374bb0c9cd872681811a6d065cc2f666fa5bdb1717,D87_E_m64_w8_s1_simx.log
D87,E,64,8,1,xrt,641424555,10022258.671875,0.09977790762937037,116347477,641768347,79e951aa26d7ebd9839ad6374bb0c9cd872681811a6d065cc2f666fa5bdb1717,D87_E_m64_w8_s1_xrt.log
D87,E,8,1,1,simx,171408998,21426124.75,0.04667199559733731,12738685,171642312,3bf8bbba0b3b7dcb039aca27d2c0e8ef577bb87095dc22193740ffe3e632cca4,D87_E_m8_w1_s1_simx.log
D87,E,8,1,1,xrt,178961857,22370232.125,0.044702263007921295,12738685,179183955,3bf8bbba0b3b7dcb039aca27d2c0e8ef577bb87095dc22193740ffe3e632cca4,D87_E_m8_w1_s1_xrt.log
D87,E,8,2,1,simx,123185579,15398197.375,0.06494266670614099,14400845,123420086,3bf8bbba0b3b7dcb039aca27d2c0e8ef577bb87095dc22193740ffe3e632cca4,D87_E_m8_w2_s1_simx.log
D87,E,8,2,1,xrt,128070593,16008824.125,0.062465549761294537,14400845,128293902,3bf8bbba0b3b7dcb039aca27d2c0e8ef577bb87095dc22193740ffe3e632cca4,D87_E_m8_w2_s1_xrt.log
D87,E,8,4,1,simx,92559833,11569979.125,0.08643057945015956,14401161,92797847,3bf8bbba0b3b7dcb039aca27d2c0e8ef577bb87095dc22193740ffe3e632cca4,D87_E_m8_w4_s1_simx.log
D87,E,8,4,1,xrt,97658408,12207301.0,0.08191818977839574,14401161,97885089,3bf8bbba0b3b7dcb039aca27d2c0e8ef577bb87095dc22193740ffe3e632cca4,D87_E_m8_w4_s1_xrt.log
D87,E,8,8,1,simx,77867755,9733469.375,0.10273829006627969,14401793,78215487,3bf8bbba0b3b7dcb039aca27d2c0e8ef577bb87095dc22193740ffe3e632cca4,D87_E_m8_w8_s1_simx.log
D87,E,8,8,1,xrt,81179642,10147455.25,0.09854687459695868,14401793,81524525,3bf8bbba0b3b7dcb039aca27d2c0e8ef577bb87095dc22193740ffe3e632cca4,D87_E_m8_w8_s1_xrt.log
K1024,A,16,8,1,simx,53107770,3319235.625,0.3012741826666795,9269480,53122543,132e32ceeeb021b852c1ecab521d45a5bca5eaf5304039ef26a82ab02cc4aaef,K1024_A_m16_w8_s1_simx.log
K1024,A,16,8,1,xrt,52795062,3299691.375,0.3030586459013913,9269480,52809939,132e32ceeeb021b852c1ecab521d45a5bca5eaf5304039ef26a82ab02cc4aaef,K1024_A_m16_w8_s1_xrt.log
K1024,A,1,1,1,simx,7362434,7362434.0,0.13582464712077555,543486,7366279,e29c8b7e05e0767c0059f44d45c2d7b691e692f1e59deb93b183d4328596b5f0,K1024_A_m1_w1_s1_simx.log
K1024,A,1,1,1,xrt,7436215,7436215.0,0.13447701552469907,543486,7440077,e29c8b7e05e0767c0059f44d45c2d7b691e692f1e59deb93b183d4328596b5f0,K1024_A_m1_w1_s1_xrt.log
K1024,A,2,2,1,simx,9187654,4593827.0,0.21768342604107643,1158874,9192143,cdc0cfa8f9c646b98fff7a7df454aed647a2af470018042e3f426982cd232e29,K1024_A_m2_w2_s1_simx.log
K1024,A,2,2,1,xrt,9340553,4670276.5,0.21412008475301195,1158874,9344993,cdc0cfa8f9c646b98fff7a7df454aed647a2af470018042e3f426982cd232e29,K1024_A_m2_w2_s1_xrt.log
K1024,A,32,8,1,simx,106332533,3322891.65625,0.3009427039606025,18537448,106347338,e520d4af4ac0a5dbb1e45649b8cd749c56e710a79b1ef5473d57021e861befa4,K1024_A_m32_w8_s1_simx.log
K1024,A,32,8,1,xrt,105650941,3301591.90625,0.30288419295763774,18537448,105665821,e520d4af4ac0a5dbb1e45649b8cd749c56e710a79b1ef5473d57021e861befa4,K1024_A_m32_w8_s1_xrt.log
K1024,A,4,4,1,simx,14158900,3539725.0,0.2825078219353198,2317748,14165765,aaebd38a6b6fd5d6311428457b066e93666591bb19cbf3a7c718cafb3417c24e,K1024_A_m4_w4_s1_simx.log
K1024,A,4,4,1,xrt,14200977,3550244.25,0.2816707611032678,2317748,14207921,aaebd38a6b6fd5d6311428457b066e93666591bb19cbf3a7c718cafb3417c24e,K1024_A_m4_w4_s1_xrt.log
K1024,A,64,8,1,simx,212550159,3321096.234375,0.3011053969618531,37073384,212564901,28a0eff9039da27636a65c748e34cbfd3da87320725895fbf76c7884202792dd,K1024_A_m64_w8_s1_simx.log
K1024,A,64,8,1,xrt,211792772,3309262.0625,0.30218217267584563,37073384,211807571,28a0eff9039da27636a65c748e34cbfd3da87320725895fbf76c7884202792dd,K1024_A_m64_w8_s1_xrt.log
K1024,A,8,1,1,simx,58883128,7360391.0,0.13586234753017876,4346565,58886972,7eea6328fc7cf2c30a741c6430219d691424129348eb397d1226d60e069448b2,K1024_A_m8_w1_s1_simx.log
K1024,A,8,1,1,xrt,59470046,7433755.75,0.13452150348092887,4346565,59473906,7eea6328fc7cf2c30a741c6430219d691424129348eb397d1226d60e069448b2,K1024_A_m8_w1_s1_xrt.log
K1024,A,8,2,1,simx,36953354,4619169.25,0.21648914466600244,4634362,36957839,7eea6328fc7cf2c30a741c6430219d691424129348eb397d1226d60e069448b2,K1024_A_m8_w2_s1_simx.log
K1024,A,8,2,1,xrt,37321020,4665127.5,0.2143564136242793,4634362,37325461,7eea6328fc7cf2c30a741c6430219d691424129348eb397d1226d60e069448b2,K1024_A_m8_w2_s1_xrt.log
K1024,A,8,4,1,simx,28374058,3546757.25,0.28194768615754573,4634740,28380897,7eea6328fc7cf2c30a741c6430219d691424129348eb397d1226d60e069448b2,K1024_A_m8_w4_s1_simx.log
K1024,A,8,4,1,xrt,28322509,3540313.625,0.282460851190832,4634740,28329274,7eea6328fc7cf2c30a741c6430219d691424129348eb397d1226d60e069448b2,K1024_A_m8_w4_s1_xrt.log
K1024,A,8,8,1,simx,26501827,3312728.375,0.3018659807869095,4635496,26516643,7eea6328fc7cf2c30a741c6430219d691424129348eb397d1226d60e069448b2,K1024_A_m8_w8_s1_simx.log
K1024,A,8,8,1,xrt,26378981,3297372.625,0.30327176019422436,4635496,26393844,7eea6328fc7cf2c30a741c6430219d691424129348eb397d1226d60e069448b2,K1024_A_m8_w8_s1_xrt.log
K1024,B,1,1,1,simx,3584347,3584347.0,0.2789908454733875,214790,3588192,e29c8b7e05e0767c0059f44d45c2d7b691e692f1e59deb93b183d4328596b5f0,K1024_B_m1_w1_s1_simx.log
K1024,B,1,1,1,xrt,3721354,3721354.0,0.26871939621976304,214790,3725216,e29c8b7e05e0767c0059f44d45c2d7b691e692f1e59deb93b183d4328596b5f0,K1024_B_m1_w1_s1_xrt.log
K1024,B,8,8,1,simx,15999055,1999881.875,0.5000295329942924,2005928,16013823,7eea6328fc7cf2c30a741c6430219d691424129348eb397d1226d60e069448b2,K1024_B_m8_w8_s1_simx.log
K1024,B,8,8,1,xrt,16350045,2043755.625,0.48929528940134415,2005928,16364911,7eea6328fc7cf2c30a741c6430219d691424129348eb397d1226d60e069448b2,K1024_B_m8_w8_s1_xrt.log
K1024,C,1,1,1,simx,6967147,6967147.0,0.14353077378731927,518915,6970999,e29c8b7e05e0767c0059f44d45c2d7b691e692f1e59deb93b183d4328596b5f0,K1024_C_m1_w1_s1_simx.log
K1024,C,1,1,1,xrt,7059386,7059386.0,0.14165537909387588,518915,7063273,e29c8b7e05e0767c0059f44d45c2d7b691e692f1e59deb93b183d4328596b5f0,K1024_C_m1_w1_s1_xrt.log
K1024,C,8,8,1,simx,25399882,3174985.25,0.31496209313098383,4438928,25414781,7eea6328fc7cf2c30a741c6430219d691424129348eb397d1226d60e069448b2,K1024_C_m8_w8_s1_simx.log
K1024,C,8,8,1,xrt,25372377,3171547.125,0.3153035287155003,4438928,25387124,7eea6328fc7cf2c30a741c6430219d691424129348eb397d1226d60e069448b2,K1024_C_m8_w8_s1_xrt.log
K1024,D,1,1,1,simx,3232563,3232563.0,0.3093520528447551,190219,3236405,e29c8b7e05e0767c0059f44d45c2d7b691e692f1e59deb93b183d4328596b5f0,K1024_D_m1_w1_s1_simx.log
K1024,D,1,1,1,xrt,3373276,3373276.0,0.2964477261866506,190219,3377164,e29c8b7e05e0767c0059f44d45c2d7b691e692f1e59deb93b183d4328596b5f0,K1024_D_m1_w1_s1_xrt.log
K1024,D,8,8,1,simx,14746009,1843251.125,0.5425196743064513,1809360,14760921,7eea6328fc7cf2c30a741c6430219d691424129348eb397d1226d60e069448b2,K1024_D_m8_w8_s1_simx.log
K1024,D,8,8,1,xrt,15073145,1884143.125,0.5307452426152605,1809360,15087879,7eea6328fc7cf2c30a741c6430219d691424129348eb397d1226d60e069448b2,K1024_D_m8_w8_s1_xrt.log
K1024,E,16,8,1,simx,28822230,1801389.375,0.55512706685083,3614808,28836856,132e32ceeeb021b852c1ecab521d45a5bca5eaf5304039ef26a82ab02cc4aaef,K1024_E_m16_w8_s1_simx.log
K1024,E,16,8,1,xrt,29796373,1862273.3125,0.5369781080401967,3614808,29810346,132e32ceeeb021b852c1ecab521d45a5bca5eaf5304039ef26a82ab02cc4aaef,K1024_E_m16_w8_s1_xrt.log
K1024,E,1,1,1,simx,3206692,3206692.0,0.31184784818747796,190069,3210563,e29c8b7e05e0767c0059f44d45c2d7b691e692f1e59deb93b183d4328596b5f0,K1024_E_m1_w1_s1_simx.log
K1024,E,1,1,1,xrt,3342634,3342634.0,0.29916526906625135,190069,3346518,e29c8b7e05e0767c0059f44d45c2d7b691e692f1e59deb93b183d4328596b5f0,K1024_E_m1_w1_s1_xrt.log
K1024,E,2,2,1,simx,4678631,2339315.5,0.4274754730603888,452040,4683151,cdc0cfa8f9c646b98fff7a7df454aed647a2af470018042e3f426982cd232e29,K1024_E_m2_w2_s1_simx.log
K1024,E,2,2,1,xrt,4885211,2442605.5,0.4093988980209862,452040,4889728,cdc0cfa8f9c646b98fff7a7df454aed647a2af470018042e3f426982cd232e29,K1024_E_m2_w2_s1_xrt.log
K1024,E,32,8,1,simx,57867855,1808370.46875,0.5529840357829058,7228104,57882597,e520d4af4ac0a5dbb1e45649b8cd749c56e710a79b1ef5473d57021e861befa4,K1024_E_m32_w8_s1_simx.log
K1024,E,32,8,1,xrt,59280208,1852506.5,0.5398091720595852,7228104,59294214,e520d4af4ac0a5dbb1e45649b8cd749c56e710a79b1ef5473d57021e861befa4,K1024_E_m32_w8_s1_xrt.log
K1024,E,4,4,1,simx,7679970,1919992.5,0.520835367846489,904080,7686863,aaebd38a6b6fd5d6311428457b066e93666591bb19cbf3a7c718cafb3417c24e,K1024_E_m4_w4_s1_simx.log
K1024,E,4,4,1,xrt,7867782,1966945.5,0.5084024951377656,904080,7874699,aaebd38a6b6fd5d6311428457b066e93666591bb19cbf3a7c718cafb3417c24e,K1024_E_m4_w4_s1_xrt.log
K1024,E,64,8,1,simx,115975669,1812119.828125,0.5518398863471958,14454696,115990231,28a0eff9039da27636a65c748e34cbfd3da87320725895fbf76c7884202792dd,K1024_E_m64_w8_s1_simx.log
K1024,E,64,8,1,xrt,119093815,1860840.859375,0.5373914673906449,14454696,119107794,28a0eff9039da27636a65c748e34cbfd3da87320725895fbf76c7884202792dd,K1024_E_m64_w8_s1_xrt.log
K1024,E,8,1,1,simx,25647385,3205923.125,0.31192263850681073,1519229,25651255,7eea6328fc7cf2c30a741c6430219d691424129348eb397d1226d60e069448b2,K1024_E_m8_w1_s1_simx.log
K1024,E,8,1,1,xrt,26734048,3341756.0,0.2992438705877988,1519229,26737928,7eea6328fc7cf2c30a741c6430219d691424129348eb397d1226d60e069448b2,K1024_E_m8_w1_s1_xrt.log
K1024,E,8,2,1,simx,18751966,2343995.75,0.4266219339348205,1807026,18756482,7eea6328fc7cf2c30a741c6430219d691424129348eb397d1226d60e069448b2,K1024_E_m8_w2_s1_simx.log
K1024,E,8,2,1,xrt,19537456,2442182.0,0.40946989208830464,1807026,19541961,7eea6328fc7cf2c30a741c6430219d691424129348eb397d1226d60e069448b2,K1024_E_m8_w2_s1_xrt.log
K1024,E,8,4,1,simx,15364344,1920543.0,0.5206860768022377,1807404,15371195,7eea6328fc7cf2c30a741c6430219d691424129348eb397d1226d60e069448b2,K1024_E_m8_w4_s1_simx.log
K1024,E,8,4,1,xrt,15862841,1982855.125,0.5043232797958449,1807404,15869721,7eea6328fc7cf2c30a741c6430219d691424129348eb397d1226d60e069448b2,K1024_E_m8_w4_s1_xrt.log
K1024,E,8,8,1,simx,14456170,1807021.25,0.553396923251456,1808160,14470881,7eea6328fc7cf2c30a741c6430219d691424129348eb397d1226d60e069448b2,K1024_E_m8_w8_s1_simx.log
K1024,E,8,8,1,xrt,14936271,1867033.875,0.5356089213967797,1808160,14950289,7eea6328fc7cf2c30a741c6430219d691424129348eb397d1226d60e069448b2,K1024_E_m8_w8_s1_xrt.log
K512,A,16,8,1,simx,20550901,1284431.3125,0.7785546726150839,3697752,20565240,21624d6a70f7539bd131e225c36108193258b6f62f10c07e64a8e1e8e27f9f23,K512_A_m16_w8_s1_simx.log
K512,A,16,8,1,xrt,20119061,1257441.3125,0.7952657432670441,3697752,20133334,21624d6a70f7539bd131e225c36108193258b6f62f10c07e64a8e1e8e27f9f23,K512_A_m16_w8_s1_xrt.log
K512,A,1,1,1,simx,2857201,2857201.0,0.3499928776449399,216810,2861000,0bb23f9d813b3dfcbc1e4c8e24b1a06ca431f42b1047072b787b5fbd1bb98f7e,K512_A_m1_w1_s1_simx.log
K512,A,1,1,1,xrt,2896241,2896241.0,0.34527513421707656,216810,2900063,0bb23f9d813b3dfcbc1e4c8e24b1a06ca431f42b1047072b787b5fbd1bb98f7e,K512_A_m1_w1_s1_xrt.log
K512,A,2,2,1,simx,3559729,1779864.5,0.561840522129634,462402,3564182,8bc8af5126eb6350058640324ef4e2db04aa53b5446abad63cf0238d1bff283f,K512_A_m2_w2_s1_simx.log
K512,A,2,2,1,xrt,3621733,1810866.5,0.55222182308856,462402,3626212,8bc8af5126eb6350058640324ef4e2db04aa53b5446abad63cf0238d1bff283f,K512_A_m2_w2_s1_xrt.log
K512,A,32,8,1,simx,40862091,1276940.34375,0.7831219405781266,7394040,40876489,a954783d942abfaf0c9893d8539a6593e45f3b92333ac3bdc2882c01d22f82f7,K512_A_m32_w8_s1_simx.log
K512,A,32,8,1,xrt,40591207,1268475.21875,0.7883480774543117,7394040,40605662,a954783d942abfaf0c9893d8539a6593e45f3b92333ac3bdc2882c01d22f82f7,K512_A_m32_w8_s1_xrt.log
K512,A,4,4,1,simx,5448668,1362167.0,0.7341243768201696,924804,5455442,c4074526b0527cfce27f4f1981586d70f45cf2689796902bb343cfac1472bbed,K512_A_m4_w4_s1_simx.log
K512,A,4,4,1,xrt,5423876,1355969.0,0.7374799866368626,924804,5430716,c4074526b0527cfce27f4f1981586d70f45cf2689796902bb343cfac1472bbed,K512_A_m4_w4_s1_xrt.log
K512,A,64,8,1,simx,81459752,1272808.625,0.7856640663477591,14786616,81474088,e86bd7c2a2cca3f931a29545bc6dda28a9b28fad1dc0272fd5e4e176f68b4639,K512_A_m64_w8_s1_simx.log
K512,A,64,8,1,xrt,80945112,1264767.375,0.7906592309119296,14786616,80959350,e86bd7c2a2cca3f931a29545bc6dda28a9b28fad1dc0272fd5e4e176f68b4639,K512_A_m64_w8_s1_xrt.log
K512,A,8,1,1,simx,22833353,2854169.125,0.3503646617297074,1733199,22837145,032eaea78f0614220c18ca52c43395e4e251dab615f157e822c6218d2f359a78,K512_A_m8_w1_s1_simx.log
K512,A,8,1,1,xrt,23158072,2894759.0,0.34545190117726554,1733199,23161907,032eaea78f0614220c18ca52c43395e4e251dab615f157e822c6218d2f359a78,K512_A_m8_w1_s1_xrt.log
K512,A,8,2,1,simx,14225598,1778199.75,0.5623665170349956,1848510,14230043,032eaea78f0614220c18ca52c43395e4e251dab615f157e822c6218d2f359a78,K512_A_m8_w2_s1_simx.log
K512,A,8,2,1,xrt,14546638,1818329.75,0.5499552542656249,1848510,14551112,032eaea78f0614220c18ca52c43395e4e251dab615f157e822c6218d2f359a78,K512_A_m8_w2_s1_xrt.log
K512,A,8,4,1,simx,10866253,1358281.625,0.7362243452273751,1848876,10872988,032eaea78f0614220c18ca52c43395e4e251dab615f157e822c6218d2f359a78,K512_A_m8_w4_s1_simx.log
K512,A,8,4,1,xrt,10828629,1353578.625,0.7387823518563615,1848876,10835423,032eaea78f0614220c18ca52c43395e4e251dab615f157e822c6218d2f359a78,K512_A_m8_w4_s1_xrt.log
K512,A,8,8,1,simx,10189318,1273664.75,0.7851359629761285,1849608,10203599,032eaea78f0614220c18ca52c43395e4e251dab615f157e822c6218d2f359a78,K512_A_m8_w8_s1_simx.log
K512,A,8,8,1,xrt,10124068,1265508.5,0.790196193861993,1849608,10138316,032eaea78f0614220c18ca52c43395e4e251dab615f157e822c6218d2f359a78,K512_A_m8_w8_s1_xrt.log
K512,B,1,1,1,simx,1454987,1454987.0,0.6872913641152808,93730,1458790,0bb23f9d813b3dfcbc1e4c8e24b1a06ca431f42b1047072b787b5fbd1bb98f7e,K512_B_m1_w1_s1_simx.log
K512,B,1,1,1,xrt,1512296,1512296.0,0.6612462110592107,93730,1516142,0bb23f9d813b3dfcbc1e4c8e24b1a06ca431f42b1047072b787b5fbd1bb98f7e,K512_B_m1_w1_s1_xrt.log
K512,B,8,8,1,simx,6189138,773642.25,1.292587109868935,864968,6203443,032eaea78f0614220c18ca52c43395e4e251dab615f157e822c6218d2f359a78,K512_B_m8_w8_s1_simx.log
K512,B,8,8,1,xrt,6341454,792681.75,1.2615403344406504,864968,6355452,032eaea78f0614220c18ca52c43395e4e251dab615f157e822c6218d2f359a78,K512_B_m8_w8_s1_xrt.log
K512,C,1,1,1,simx,2653522,2653522.0,0.37685762545025064,203083,2657282,0bb23f9d813b3dfcbc1e4c8e24b1a06ca431f42b1047072b787b5fbd1bb98f7e,K512_C_m1_w1_s1_simx.log
K512,C,1,1,1,xrt,2693993,2693993.0,0.37119621320471136,203083,2697809,0bb23f9d813b3dfcbc1e4c8e24b1a06ca431f42b1047072b787b5fbd1bb98f7e,K512_C_m1_w1_s1_xrt.log
K512,C,8,8,1,simx,9508715,1188589.375,0.8413334504189052,1739792,9522810,032eaea78f0614220c18ca52c43395e4e251dab615f157e822c6218d2f359a78,K512_C_m8_w8_s1_simx.log
K512,C,8,8,1,xrt,9356455,1169556.875,0.8550246861658609,1739792,9370140,032eaea78f0614220c18ca52c43395e4e251dab615f157e822c6218d2f359a78,K512_C_m8_w8_s1_xrt.log
K512,D,1,1,1,simx,1257046,1257046.0,0.7955158363337539,80003,1260791,0bb23f9d813b3dfcbc1e4c8e24b1a06ca431f42b1047072b787b5fbd1bb98f7e,K512_D_m1_w1_s1_simx.log
K512,D,1,1,1,xrt,1315324,1315324.0,0.760268952744723,80003,1319123,0bb23f9d813b3dfcbc1e4c8e24b1a06ca431f42b1047072b787b5fbd1bb98f7e,K512_D_m1_w1_s1_xrt.log
K512,D,8,8,1,simx,5337883,667235.375,1.4987214968930567,755152,5351661,032eaea78f0614220c18ca52c43395e4e251dab615f157e822c6218d2f359a78,K512_D_m8_w8_s1_simx.log
K512,D,8,8,1,xrt,5399948,674993.5,1.48149574773683,755152,5413771,032eaea78f0614220c18ca52c43395e4e251dab615f157e822c6218d2f359a78,K512_D_m8_w8_s1_xrt.log
K512,E,16,8,1,simx,10523560,657722.5,1.5203980402069261,1508040,10537979,21624d6a70f7539bd131e225c36108193258b6f62f10c07e64a8e1e8e27f9f23,K512_E_m16_w8_s1_simx.log
K512,E,16,8,1,xrt,10645251,665328.1875,1.5030176366907648,1508040,10659091,21624d6a70f7539bd131e225c36108193258b6f62f10c07e64a8e1e8e27f9f23,K512_E_m16_w8_s1_xrt.log
K512,E,1,1,1,simx,1244201,1244201.0,0.8037286579901479,79953,1247957,0bb23f9d813b3dfcbc1e4c8e24b1a06ca431f42b1047072b787b5fbd1bb98f7e,K512_E_m1_w1_s1_simx.log
K512,E,1,1,1,xrt,1301240,1301240.0,0.7684977406166426,79953,1305032,0bb23f9d813b3dfcbc1e4c8e24b1a06ca431f42b1047072b787b5fbd1bb98f7e,K512_E_m1_w1_s1_xrt.log
K512,E,2,2,1,simx,1779787,889893.5,1.1237299744295244,188688,1784275,8bc8af5126eb6350058640324ef4e2db04aa53b5446abad63cf0238d1bff283f,K512_E_m2_w2_s1_simx.log
K512,E,2,2,1,xrt,1833992,916996.0,1.0905172977853774,188688,1838499,8bc8af5126eb6350058640324ef4e2db04aa53b5446abad63cf0238d1bff283f,K512_E_m2_w2_s1_xrt.log
K512,E,32,8,1,simx,20930260,654070.625,1.5288868843483072,3014616,20944765,a954783d942abfaf0c9893d8539a6593e45f3b92333ac3bdc2882c01d22f82f7,K512_E_m32_w8_s1_simx.log
K512,E,32,8,1,xrt,21339274,666852.3125,1.4995824131598854,3014616,21353041,a954783d942abfaf0c9893d8539a6593e45f3b92333ac3bdc2882c01d22f82f7,K512_E_m32_w8_s1_xrt.log
K512,E,4,4,1,simx,2870858,717714.5,1.3933116859141066,377376,2877583,c4074526b0527cfce27f4f1981586d70f45cf2689796902bb343cfac1472bbed,K512_E_m4_w4_s1_simx.log
K512,E,4,4,1,xrt,2932980,733245.0,1.3638006396225,377376,2939696,c4074526b0527cfce27f4f1981586d70f45cf2689796902bb343cfac1472bbed,K512_E_m4_w4_s1_xrt.log
K512,E,64,8,1,simx,41938847,655294.484375,1.5260314619522086,6027768,41953094,e86bd7c2a2cca3f931a29545bc6dda28a9b28fad1dc0272fd5e4e176f68b4639,K512_E_m64_w8_s1_simx.log
K512,E,64,8,1,xrt,42798649,668728.890625,1.495374304922569,6027768,42812544,e86bd7c2a2cca3f931a29545bc6dda28a9b28fad1dc0272fd5e4e176f68b4639,K512_E_m64_w8_s1_xrt.log
K512,E,8,1,1,simx,9918870,1239858.75,0.8065434873125669,638343,9922635,032eaea78f0614220c18ca52c43395e4e251dab615f157e822c6218d2f359a78,K512_E_m8_w1_s1_simx.log
K512,E,8,1,1,xrt,10397341,1299667.625,0.7694274911248943,638343,10401154,032eaea78f0614220c18ca52c43395e4e251dab615f157e822c6218d2f359a78,K512_E_m8_w1_s1_xrt.log
K512,E,8,2,1,simx,7091729,886466.125,1.1280746909533628,753654,7096208,032eaea78f0614220c18ca52c43395e4e251dab615f157e822c6218d2f359a78,K512_E_m8_w2_s1_simx.log
K512,E,8,2,1,xrt,7317213,914651.625,1.0933124401326024,753654,7321708,032eaea78f0614220c18ca52c43395e4e251dab615f157e822c6218d2f359a78,K512_E_m8_w2_s1_xrt.log
K512,E,8,4,1,simx,5732064,716508.0,1.3956578293612911,754020,5738774,032eaea78f0614220c18ca52c43395e4e251dab615f157e822c6218d2f359a78,K512_E_m8_w4_s1_simx.log
K512,E,8,4,1,xrt,5851585,731448.125,1.3671509514088918,754020,5858277,032eaea78f0614220c18ca52c43395e4e251dab615f157e822c6218d2f359a78,K512_E_m8_w4_s1_xrt.log
K512,E,8,8,1,simx,5301076,662634.5,1.5091275808911246,754752,5315466,032eaea78f0614220c18ca52c43395e4e251dab615f157e822c6218d2f359a78,K512_E_m8_w8_s1_simx.log
K512,E,8,8,1,xrt,5447711,680963.875,1.4685066810629273,754752,5461538,032eaea78f0614220c18ca52c43395e4e251dab615f157e822c6218d2f359a78,K512_E_m8_w8_s1_xrt.log
K768,A,16,8,1,simx,33238805,2077425.3125,0.48136507915973514,5965424,33253342,df4991f77dfa50f2a7d7bd58af79240663917e2a26c8bc917d2fc878b5a964bd,K768_A_m16_w8_s1_simx.log
K768,A,16,8,1,xrt,32985637,2061602.3125,0.485059603366156,5965424,32999946,df4991f77dfa50f2a7d7bd58af79240663917e2a26c8bc917d2fc878b5a964bd,K768_A_m16_w8_s1_xrt.log
K768,A,1,1,1,simx,4656985,4656985.0,0.21473120484605382,348764,4660819,f850cab4a25ce6f0ba7453fe00dbc9a1afa99917464c8719e68d93c9e93e5a9b,K768_A_m1_w1_s1_simx.log
K768,A,1,1,1,xrt,4717779,4717779.0,0.21196414668851593,348764,4721649,f850cab4a25ce6f0ba7453fe00dbc9a1afa99917464c8719e68d93c9e93e5a9b,K768_A_m1_w1_s1_xrt.log
K768,A,2,2,1,simx,5816288,2908144.0,0.34386192705725716,745864,5820707,425becb134b1731831b647e67825d6273b399d3f30ec6a8fe9e3f972cc850e6c,K768_A_m2_w2_s1_simx.log
K768,A,2,2,1,xrt,6010499,3005249.5,0.3327510744116254,745864,6014945,425becb134b1731831b647e67825d6273b399d3f30ec6a8fe9e3f972cc850e6c,K768_A_m2_w2_s1_xrt.log
K768,A,32,8,1,simx,66651139,2082848.09375,0.4801118252457771,11929360,66665620,3737f7b17cddb20bad017acbdd21561ba258c90f917dfad15d0c7d543678fe6c,K768_A_m32_w8_s1_simx.log
K768,A,32,8,1,xrt,66189342,2068416.9375,0.48346152164498024,11929360,66203822,3737f7b17cddb20bad017acbdd21561ba258c90f917dfad15d0c7d543678fe6c,K768_A_m32_w8_s1_xrt.log
K768,A,4,4,1,simx,8993552,2248388.0,0.44476309249115364,1491728,9000239,eda7ca2318f2e6941272d3bd4da1c4cfeee9cc994ce4945e20a2d9ecf142cb74,K768_A_m4_w4_s1_simx.log
K768,A,4,4,1,xrt,8853903,2213475.75,0.4517781593044333,1491728,8860584,eda7ca2318f2e6941272d3bd4da1c4cfeee9cc994ce4945e20a2d9ecf142cb74,K768_A_m4_w4_s1_xrt.log
K768,A,64,8,1,simx,133322773,2083168.328125,0.48003802021129577,23857232,133337200,1f7fefa5fe653e652a3bfd2197d66fd6c9eef5ac92cca4c336e88e618aa445f1,K768_A_m64_w8_s1_simx.log
K768,A,64,8,1,xrt,132587660,2071682.1875,0.48269952120732806,23857232,132602050,1f7fefa5fe653e652a3bfd2197d66fd6c9eef5ac92cca4c336e88e618aa445f1,K768_A_m64_w8_s1_xrt.log
K768,A,8,1,1,simx,37230940,4653867.5,0.2148750474739558,2788810,37234773,aecd2093dd08d5eacf961c44ba74a995e5158590bb0f04146af81565c91ebaa7,K768_A_m8_w1_s1_simx.log
K768,A,8,1,1,xrt,37728333,4716041.625,0.21204223361790198,2788810,37732198,aecd2093dd08d5eacf961c44ba74a995e5158590bb0f04146af81565c91ebaa7,K768_A_m8_w1_s1_xrt.log
K768,A,8,2,1,simx,23286550,2910818.75,0.3435459524918891,2982340,23290974,aecd2093dd08d5eacf961c44ba74a995e5158590bb0f04146af81565c91ebaa7,K768_A_m8_w2_s1_simx.log
K768,A,8,2,1,xrt,23885404,2985675.5,0.3349325805835229,2982340,23889875,aecd2093dd08d5eacf961c44ba74a995e5158590bb0f04146af81565c91ebaa7,K768_A_m8_w2_s1_xrt.log
K768,A,8,4,1,simx,17980788,2247598.5,0.4449193216671038,2982712,17987510,aecd2093dd08d5eacf961c44ba74a995e5158590bb0f04146af81565c91ebaa7,K768_A_m8_w4_s1_simx.log
K768,A,8,4,1,xrt,17813089,2226636.125,0.44910795651444846,2982712,17819812,aecd2093dd08d5eacf961c44ba74a995e5158590bb0f04146af81565c91ebaa7,K768_A_m8_w4_s1_xrt.log
K768,A,8,8,1,simx,16675816,2084477.0,0.4797366437720349,2983456,16690297,aecd2093dd08d5eacf961c44ba74a995e5158590bb0f04146af81565c91ebaa7,K768_A_m8_w8_s1_simx.log
K768,A,8,8,1,xrt,16445319,2055664.875,0.48646061532768076,2983456,16459685,aecd2093dd08d5eacf961c44ba74a995e5158590bb0f04146af81565c91ebaa7,K768_A_m8_w8_s1_xrt.log
K768,B,1,1,1,simx,2345004,2345004.0,0.4264385050089467,146044,2348839,f850cab4a25ce6f0ba7453fe00dbc9a1afa99917464c8719e68d93c9e93e5a9b,K768_B_m1_w1_s1_simx.log
K768,B,1,1,1,xrt,2440637,2440637.0,0.4097290994113422,146044,2444509,f850cab4a25ce6f0ba7453fe00dbc9a1afa99917464c8719e68d93c9e93e5a9b,K768_B_m1_w1_s1_xrt.log
K768,B,8,8,1,simx,10164997,1270624.625,0.7870144969054098,1361696,10179685,aecd2093dd08d5eacf961c44ba74a995e5158590bb0f04146af81565c91ebaa7,K768_B_m8_w8_s1_simx.log
K768,B,8,8,1,xrt,10379644,1297455.5,0.7707393432761278,1361696,10393757,aecd2093dd08d5eacf961c44ba74a995e5158590bb0f04146af81565c91ebaa7,K768_B_m8_w8_s1_xrt.log
K768,C,1,1,1,simx,4371600,4371600.0,0.22874919937780216,329615,4375401,f850cab4a25ce6f0ba7453fe00dbc9a1afa99917464c8719e68d93c9e93e5a9b,K768_C_m1_w1_s1_simx.log
K768,C,1,1,1,xrt,4438028,4438028.0,0.22532530213869764,329615,4441852,f850cab4a25ce6f0ba7453fe00dbc9a1afa99917464c8719e68d93c9e93e5a9b,K768_C_m1_w1_s1_xrt.log
K768,C,8,8,1,simx,15696940,1962117.5,0.5096534738617845,2830264,15711223,aecd2093dd08d5eacf961c44ba74a995e5158590bb0f04146af81565c91ebaa7,K768_C_m8_w8_s1_simx.log
K768,C,8,8,1,xrt,15532718,1941589.75,0.5150418619587377,2830264,15546889,aecd2093dd08d5eacf961c44ba74a995e5158590bb0f04146af81565c91ebaa7,K768_C_m8_w8_s1_xrt.log
K768,D,1,1,1,simx,2065294,2065294.0,0.48419256531999805,126895,2069095,f850cab4a25ce6f0ba7453fe00dbc9a1afa99917464c8719e68d93c9e93e5a9b,K768_D_m1_w1_s1_simx.log
K768,D,1,1,1,xrt,2158475,2158475.0,0.46329005432075887,126895,2162299,f850cab4a25ce6f0ba7453fe00dbc9a1afa99917464c8719e68d93c9e93e5a9b,K768_D_m1_w1_s1_xrt.log
K768,D,8,8,1,simx,9023502,1127937.75,0.8865737493048708,1208504,9037522,aecd2093dd08d5eacf961c44ba74a995e5158590bb0f04146af81565c91ebaa7,K768_D_m8_w8_s1_simx.log
K768,D,8,8,1,xrt,9364260,1170532.5,0.8543120331985656,1208504,9378237,aecd2093dd08d5eacf961c44ba74a995e5158590bb0f04146af81565c91ebaa7,K768_D_m8_w8_s1_xrt.log
K768,E,16,8,1,simx,18266186,1141636.625,0.8759354580096798,2415264,18280737,df4991f77dfa50f2a7d7bd58af79240663917e2a26c8bc917d2fc878b5a964bd,K768_E_m16_w8_s1_simx.log
K768,E,16,8,1,xrt,18635027,1164689.1875,0.8585981657016113,2415264,18649502,df4991f77dfa50f2a7d7bd58af79240663917e2a26c8bc917d2fc878b5a964bd,K768_E_m16_w8_s1_xrt.log
K768,E,1,1,1,simx,2066168,2066168.0,0.48398774930208965,126879,2069951,f850cab4a25ce6f0ba7453fe00dbc9a1afa99917464c8719e68d93c9e93e5a9b,K768_E_m1_w1_s1_simx.log
K768,E,1,1,1,xrt,2159908,2159908.0,0.4629826825957402,126879,2163726,f850cab4a25ce6f0ba7453fe00dbc9a1afa99917464c8719e68d93c9e93e5a9b,K768_E_m1_w1_s1_xrt.log
K768,E,2,2,1,simx,2984878,1492439.0,0.6700441358072257,302094,2989362,425becb134b1731831b647e67825d6273b399d3f30ec6a8fe9e3f972cc850e6c,K768_E_m2_w2_s1_simx.log
K768,E,2,2,1,xrt,3126160,1563080.0,0.6397625201525193,302094,3130664,425becb134b1731831b647e67825d6273b399d3f30ec6a8fe9e3f972cc850e6c,K768_E_m2_w2_s1_xrt.log
K768,E,32,8,1,simx,36655240,1145476.25,0.8729993310642625,4829040,36669771,3737f7b17cddb20bad017acbdd21561ba258c90f917dfad15d0c7d543678fe6c,K768_E_m32_w8_s1_simx.log
K768,E,32,8,1,xrt,37413282,1169165.0625,0.8553112234312937,4829040,37427741,3737f7b17cddb20bad017acbdd21561ba258c90f917dfad15d0c7d543678fe6c,K768_E_m32_w8_s1_xrt.log
K768,E,4,4,1,simx,4936513,1234128.25,0.8102885579355306,604188,4943285,eda7ca2318f2e6941272d3bd4da1c4cfeee9cc994ce4945e20a2d9ecf142cb74,K768_E_m4_w4_s1_simx.log
K768,E,4,4,1,xrt,4990544,1247636.0,0.8015158267315147,604188,4997389,eda7ca2318f2e6941272d3bd4da1c4cfeee9cc994ce4945e20a2d9ecf142cb74,K768_E_m4_w4_s1_xrt.log
K768,E,64,8,1,simx,72862439,1138475.609375,0.8783675221193186,9656592,72876991,1f7fefa5fe653e652a3bfd2197d66fd6c9eef5ac92cca4c336e88e618aa445f1,K768_E_m64_w8_s1_simx.log
K768,E,64,8,1,xrt,74554224,1164909.75,0.8584355998393867,9656592,74568584,1f7fefa5fe653e652a3bfd2197d66fd6c9eef5ac92cca4c336e88e618aa445f1,K768_E_m64_w8_s1_xrt.log
K768,E,8,1,1,simx,16513580,2064197.5,0.4844497680091173,1013730,16517362,aecd2093dd08d5eacf961c44ba74a995e5158590bb0f04146af81565c91ebaa7,K768_E_m8_w1_s1_simx.log
K768,E,8,1,1,xrt,17267301,2158412.625,0.46330344273259616,1013730,17271116,aecd2093dd08d5eacf961c44ba74a995e5158590bb0f04146af81565c91ebaa7,K768_E_m8_w1_s1_xrt.log
K768,E,8,2,1,simx,11927039,1490879.875,0.6707448512577179,1207260,11931500,aecd2093dd08d5eacf961c44ba74a995e5158590bb0f04146af81565c91ebaa7,K768_E_m8_w2_s1_simx.log
K768,E,8,2,1,xrt,12512260,1564032.5,0.639372903056682,1207260,12516731,aecd2093dd08d5eacf961c44ba74a995e5158590bb0f04146af81565c91ebaa7,K768_E_m8_w2_s1_xrt.log
K768,E,8,4,1,simx,9723323,1215415.375,0.8227639871677614,1207632,9730086,aecd2093dd08d5eacf961c44ba74a995e5158590bb0f04146af81565c91ebaa7,K768_E_m8_w4_s1_simx.log
K768,E,8,4,1,xrt,10025134,1253141.75,0.7979943210734141,1207632,10031957,aecd2093dd08d5eacf961c44ba74a995e5158590bb0f04146af81565c91ebaa7,K768_E_m8_w4_s1_xrt.log
K768,E,8,8,1,simx,9167305,1145913.125,0.8726665034053083,1208376,9181900,aecd2093dd08d5eacf961c44ba74a995e5158590bb0f04146af81565c91ebaa7,K768_E_m8_w8_s1_simx.log
K768,E,8,8,1,xrt,9289525,1161190.625,0.8611850444452219,1208376,9303975,aecd2093dd08d5eacf961c44ba74a995e5158590bb0f04146af81565c91ebaa7,K768_E_m8_w8_s1_xrt.log
