# The Keccak-f1600 PE on the paper's actual target: AMD Alveo V80,
# xcv80-lsva4737-2MHP-e-S, speed file -2MHP PRODUCTION 2.04, temperature grade E.
# Vivado 2025.1, post-route with phys_opt, constrained at 300 MHz.
#
# hw/rtl/pqc/VX_pqc_keccak_f1600.sv through hw/syn/xilinx/dut, DUT `pqc`.
# Reproduce with:
#   source /data/Xilinx/2025.1/Vivado/settings64.sh
#   cd build32/hw/syn/xilinx/dut
#   SV2V_PATH=/home/jiangbowang/tools/sv2v DEVICE=xcv80-lsva4737-2MHP-e-S \
#     CLK_FREQ_MHZ=300 make pqc
#
# CORRECTION TO THE RECORD. Earlier files and commits on this branch said there
# was no Vivado on this box and that the V80 legs had to run elsewhere. That was
# wrong. Vivado 2025.1 is installed under /data/Xilinx, beside Quartus; the
# earlier check looked only in /opt/xilinx and /tools/Xilinx. The V80 part is
# present and licensed. next_steps_recipes.md S5 step 0 now records the real
# environment.
unroll,lanes,stage,total_luts,logic_luts,lutrams,srls,ffs,ramb36,ramb18,uram,dsp,wns_ns,fmax_mhz
1,1,post_synth,3437,3437,0,0,1607,0,0,0,0,,
1,1,post_impl,3223,3223,0,0,1607,0,0,0,0,0.619,368.4
#
# RESULT 1 -- IT CLOSES 300 MHz WITH ROOM. WNS = +0.619 ns against a 3.333 ns
# period, so fmax = 1000/(3.333-0.619) = 368.4 MHz for the isolated PE. The V80
# target is 300 MHz and the only other V80 datapoint in this repo is tinyGPU
# (2 warps x 2 threads, all caches off) closing 300.000 MHz after phys_opt with
# WNS -0.034 before it (commit 5def82517). This PE is not the thing that will
# stop the design closing.
#
# RESULT 2 -- IT IS 0.13% OF THE DEVICE, AND IT USES NO HARD BLOCKS.
# 3,223 LUTs (0.13%) and 1,607 FFs (0.03%) post-implementation; zero LUTRAM, zero
# SRL, zero BRAM, zero URAM, zero DSP. The state lives in fabric flops, which is
# what makes the per-lane replication argument purely about LUT/FF budget with no
# hard-block contention against the rest of the core.
# Scaled by the exactly-linear replication measured on Nangate
# (keccak_pe_area.csv Result 2), a per-lane PE at W=16 is ~51,600 LUTs / ~25,700
# FFs, about 2.1% of the device's LUTs. **That scaling is not yet measured on the
# V80 itself** -- the sweep is running.
#
# RESULT 3 -- THE CRITICAL PATH IS ROUTING, NOT LOGIC, AND THAT MATTERS.
#   source      pqc_unit/g_pqc_lanes[0].pqc_pe/busy_reg/C
#   destination pqc_unit/g_pqc_lanes[0].pqc_pe/state_reg[932]/D
#   logic levels 2 (LUT3, LUT6)
#   data path    2.263 ns = logic 0.309 ns (13.7%) + route 1.954 ns (86.3%)
# At one round per cycle the round function is only two LUT levels deep; what
# costs time is reaching 1600 flops spread across the fabric. Two consequences.
# First, the Nangate logic-depth proxy in keccak_pe_area.csv is measuring the
# wrong term for THIS configuration -- it will start being the right term as
# UNROLL grows and logic overtakes routing, which is exactly what the sweep now
# running should show. Second, an in-core PE will do worse than this, because a
# flat-ported isolated module is the best case for placement.
#
# 1,607 FFs IS EXACTLY 1600 + 5 + 1 + 1 -- the state, the step counter at
# CLOG2(24)=5 bits, busy and done. There is no hidden state. It also settles a
# loose end: Nangate reported 1,614 DFF_X1 for the same design, so those 7 extra
# are a mapping artefact and not registers the RTL asked for.
#
# NOT MEASURED YET: the whole-core denominator on the same part, which SoK
# ePrint 2024/1323 Pitfall #2 requires beside the isolated figure. The `core` DUT
# (VX_core_top) exists in the same catalog and the flow now runs here.
