# SG5 cache fill-forward follow-up, RV32IM W8T32, 2026-09-16.
# Same SG5_SYNC=barrier ELF/host and hardware as the warp_barrier arm of keccak_sg5_sync.csv.
# Cache model source: 6455855c2. Software source_snapshot is unchanged; model_source_snapshot is separate.
# CONFIGS=-DVX_CFG_EXT_F_DISABLE -DVX_CFG_EXT_D_DISABLE -DVX_CFG_EXT_NTT_ENABLE
# -DVX_CFG_EXT_KSG25_ENABLE -DVX_CFG_EXT_KROUND25_ENABLE
# -DVX_CFG_NUM_WARPS=8 -DVX_CFG_NUM_THREADS=32. One core; L2/L3 and pointer off.
# D-cache: 16 KiB, 4 banks, 4 ways, FIFO, writeback, array latency 2; local soft-ABI libraries.
# Release cores built with PERF=1; VORTEX_PROFILING=4. Both drivers freshly run for all 11 pairs.
# XRT b8/n1/p8 is the fresh PERF4 control also used during diagnosis; it is counted only once.
# All 22 runs pass numerical/guard checks; all 11 pairs retain exact retired instruction counts.
# All 11 pairs pass the unchanged whole-launch 5% gate. Max gap 4.225460% (b8/n2/p2).
# The isolated span for b8/n2/p2 still differs by 5.632521%; do not call every interval closed.
# previous_* columns preserve the prior cache model measurements from keccak_sg5_sync.csv.
# XRT cycles/spans reproduce the historical control exactly; only the SimX cache model changed.
# Fence remains default and full cache-flush modeling is unresolved. Other synchronization arms were not rerun.
# No RTL, model constants, threshold, kernel instructions, or synthesis results changed.
# See keccak_sg5_cache_forward_trace.json for root-cause evidence, regression scope, and log hashes.
arm,scratch,sync_scope,syncs_per_round,driver,xlen,warps,threads,batch,states_per_warp,permutations_per_state,completed_permutations,retired_instructions,device_cycles,span_cycles,cycles_per_completed_permutation,result,parity_status,cycle_gap_pct,span_gap_pct,kernel_sha256,host_sha256,source_snapshot,source_patch_sha256,log,log_sha256,previous_model_device_cycles,previous_model_span_cycles,previous_cycle_gap_pct,model_source_snapshot
warp_barrier,global,warp,2,simx,32,8,32,1,1,8,8,45677,495655,484102,60512.750000,PASS,PASS,1.862932,1.882685,732786287d6b54cf0b73d2a4f1634a9e534ba0c2029257bcd840df5744529d55,0a2e1d44de4d213640502126ebde726d5ae04dc930d3b2f8bb68b4d44ed743f9,1bd44cf34eb5aa222e740b435cb1de7a5e05ed5d,,build32_im/sg5_model/forward_simx_b1_n1_p8.log,d7780c704edfffba1443696ae13cc59ff5c714b9aff84bdefad2b3838f374f62,498060,486313,1.386755,6455855c2b6c91e83a5cdc8be3c012698faa43b3
warp_barrier,global,warp,2,xrt,32,8,32,1,1,8,8,45677,505064,493391,61673.875000,PASS,PASS,1.862932,1.882685,732786287d6b54cf0b73d2a4f1634a9e534ba0c2029257bcd840df5744529d55,0a2e1d44de4d213640502126ebde726d5ae04dc930d3b2f8bb68b4d44ed743f9,1bd44cf34eb5aa222e740b435cb1de7a5e05ed5d,,build32_im/sg5_model/final_xrt_b1_n1_p8.log,8d406671cf4dbaaac4ae14a2d398516514e17487467e3181d635b43389e2ec9b,505064,493391,1.386755,6455855c2b6c91e83a5cdc8be3c012698faa43b3
warp_barrier,global,warp,2,simx,32,8,32,1,6,8,48,45677,1023809,1010903,21060.479167,PASS,PASS,1.281489,1.292277,732786287d6b54cf0b73d2a4f1634a9e534ba0c2029257bcd840df5744529d55,0a2e1d44de4d213640502126ebde726d5ae04dc930d3b2f8bb68b4d44ed743f9,1bd44cf34eb5aa222e740b435cb1de7a5e05ed5d,,build32_im/sg5_model/forward_simx_b1_n6_p8.log,8606c43c6f6cbdbcf221e80b2f2ec6e73371e78e13a02d2e571fbd26ba92f821,1031114,1018073,2.004145,6455855c2b6c91e83a5cdc8be3c012698faa43b3
warp_barrier,global,warp,2,xrt,32,8,32,1,6,8,48,45677,1010855,998006,20791.791667,PASS,PASS,1.281489,1.292277,732786287d6b54cf0b73d2a4f1634a9e534ba0c2029257bcd840df5744529d55,0a2e1d44de4d213640502126ebde726d5ae04dc930d3b2f8bb68b4d44ed743f9,1bd44cf34eb5aa222e740b435cb1de7a5e05ed5d,,build32_im/sg5_model/final_xrt_b1_n6_p8.log,ed8c2540e01088929607442e77303b2b0fb3f28b3268f6a4c6b39c7879c5d4f1,1010855,998006,2.004145,6455855c2b6c91e83a5cdc8be3c012698faa43b3
warp_barrier,global,warp,2,simx,32,8,32,2,6,2,24,23266,442643,415812,17325.500000,PASS,PASS,1.374817,1.414098,732786287d6b54cf0b73d2a4f1634a9e534ba0c2029257bcd840df5744529d55,0a2e1d44de4d213640502126ebde726d5ae04dc930d3b2f8bb68b4d44ed743f9,1bd44cf34eb5aa222e740b435cb1de7a5e05ed5d,,build32_im/sg5_model/forward_simx_b2_n6_p2.log,47080feb35e73f3c21c658f76f16689c619061b95b356b1c5157660fe7e3573b,441847,415124,1.192516,6455855c2b6c91e83a5cdc8be3c012698faa43b3
warp_barrier,global,warp,2,xrt,32,8,32,2,6,2,24,23266,436640,410014,17083.916667,PASS,PASS,1.374817,1.414098,732786287d6b54cf0b73d2a4f1634a9e534ba0c2029257bcd840df5744529d55,0a2e1d44de4d213640502126ebde726d5ae04dc930d3b2f8bb68b4d44ed743f9,1bd44cf34eb5aa222e740b435cb1de7a5e05ed5d,,build32_im/sg5_model/final_xrt_b2_n6_p2.log,e5c1a0fd5b784bf3cfc130afd1d4fa9b03e23ffaa62c14fb5115b29cae11281b,436640,410014,1.192516,6455855c2b6c91e83a5cdc8be3c012698faa43b3
warp_barrier,global,warp,2,simx,32,8,32,8,1,2,16,93064,361387,267914,16744.625000,PASS,PASS,1.333875,2.468446,732786287d6b54cf0b73d2a4f1634a9e534ba0c2029257bcd840df5744529d55,0a2e1d44de4d213640502126ebde726d5ae04dc930d3b2f8bb68b4d44ed743f9,1bd44cf34eb5aa222e740b435cb1de7a5e05ed5d,,build32_im/sg5_model/forward_simx_b8_n1_p2.log,05c3010950f7f67f994477cd8b2e81cea8018f0e4dfcfc8630305365d56511bd,372831,278322,4.542803,6455855c2b6c91e83a5cdc8be3c012698faa43b3
warp_barrier,global,warp,2,xrt,32,8,32,8,1,2,16,93064,356630,261460,16341.250000,PASS,PASS,1.333875,2.468446,732786287d6b54cf0b73d2a4f1634a9e534ba0c2029257bcd840df5744529d55,0a2e1d44de4d213640502126ebde726d5ae04dc930d3b2f8bb68b4d44ed743f9,1bd44cf34eb5aa222e740b435cb1de7a5e05ed5d,,build32_im/sg5_model/final_xrt_b8_n1_p2.log,4a1d3d14ec7a2d8fd0f563e4d76bb1329b7474147351dffd3bf3f4ce034a78ca,356630,261460,4.542803,6455855c2b6c91e83a5cdc8be3c012698faa43b3
warp_barrier,global,warp,2,simx,32,8,32,8,1,8,64,365416,1076767,983294,15363.968750,PASS,PASS,3.293666,3.434845,732786287d6b54cf0b73d2a4f1634a9e534ba0c2029257bcd840df5744529d55,0a2e1d44de4d213640502126ebde726d5ae04dc930d3b2f8bb68b4d44ed743f9,1bd44cf34eb5aa222e740b435cb1de7a5e05ed5d,,build32_im/sg5_model/forward_simx_b8_n1_p8.log,6588ddf263d263c02715ee0ce40d5624013c55179cb5b9f88e0d1baa863ce7cc,1220634,1126125,9.627281,6455855c2b6c91e83a5cdc8be3c012698faa43b3
warp_barrier,global,warp,2,xrt,32,8,32,8,1,8,64,365416,1113440,1018270,15910.468750,PASS,PASS,3.293666,3.434845,732786287d6b54cf0b73d2a4f1634a9e534ba0c2029257bcd840df5744529d55,0a2e1d44de4d213640502126ebde726d5ae04dc930d3b2f8bb68b4d44ed743f9,1bd44cf34eb5aa222e740b435cb1de7a5e05ed5d,,build32_im/sg5_model/final_xrt_b8_n1_p8.log,d7a7ddfbb6769cae7e71cf102d75087d1abbb3b97559697ae2bf97fe8497bb38,1113440,1018270,9.627281,6455855c2b6c91e83a5cdc8be3c012698faa43b3
warp_barrier,global,warp,2,simx,32,8,32,8,2,2,32,93064,585967,490962,15342.562500,PASS,PASS,4.225460,5.632521,732786287d6b54cf0b73d2a4f1634a9e534ba0c2029257bcd840df5744529d55,0a2e1d44de4d213640502126ebde726d5ae04dc930d3b2f8bb68b4d44ed743f9,1bd44cf34eb5aa222e740b435cb1de7a5e05ed5d,,build32_im/sg5_model/forward_simx_b8_n2_p2.log,fda430f19e411981ce4aa385917c3143daca40aa84074b309f294605b88e8c43,584719,489119,4.003479,6455855c2b6c91e83a5cdc8be3c012698faa43b3
warp_barrier,global,warp,2,xrt,32,8,32,8,2,2,32,93064,562211,464783,14524.468750,PASS,PASS,4.225460,5.632521,732786287d6b54cf0b73d2a4f1634a9e534ba0c2029257bcd840df5744529d55,0a2e1d44de4d213640502126ebde726d5ae04dc930d3b2f8bb68b4d44ed743f9,1bd44cf34eb5aa222e740b435cb1de7a5e05ed5d,,build32_im/sg5_model/final_xrt_b8_n2_p2.log,93a3284ccdf09a32a27624e0755b99b850f7cbb4a2df4f2d7f02c655cbbf9806,562211,464783,4.003479,6455855c2b6c91e83a5cdc8be3c012698faa43b3
warp_barrier,global,warp,2,simx,32,8,32,8,3,2,48,93064,771149,673340,14027.916667,PASS,PASS,0.519184,0.752795,732786287d6b54cf0b73d2a4f1634a9e534ba0c2029257bcd840df5744529d55,0a2e1d44de4d213640502126ebde726d5ae04dc930d3b2f8bb68b4d44ed743f9,1bd44cf34eb5aa222e740b435cb1de7a5e05ed5d,,build32_im/sg5_model/forward_simx_b8_n3_p2.log,db125597c0922be8d12713a1bb4b8f36fb80b3ba31b43ef940127d7ed4add149,765937,667772,0.160200,6455855c2b6c91e83a5cdc8be3c012698faa43b3
warp_barrier,global,warp,2,xrt,32,8,32,8,3,2,48,93064,767166,668309,13923.104167,PASS,PASS,0.519184,0.752795,732786287d6b54cf0b73d2a4f1634a9e534ba0c2029257bcd840df5744529d55,0a2e1d44de4d213640502126ebde726d5ae04dc930d3b2f8bb68b4d44ed743f9,1bd44cf34eb5aa222e740b435cb1de7a5e05ed5d,,build32_im/sg5_model/final_xrt_b8_n3_p2.log,f52d2ce0744cbfcf74e2369e8ec9918e2c25205eb275a0a46a67b0eb7a04fbe9,767166,668309,0.160200,6455855c2b6c91e83a5cdc8be3c012698faa43b3
warp_barrier,global,warp,2,simx,32,8,32,8,4,2,64,93064,996426,896468,14007.312500,PASS,PASS,4.038853,4.269631,732786287d6b54cf0b73d2a4f1634a9e534ba0c2029257bcd840df5744529d55,0a2e1d44de4d213640502126ebde726d5ae04dc930d3b2f8bb68b4d44ed743f9,1bd44cf34eb5aa222e740b435cb1de7a5e05ed5d,,build32_im/sg5_model/forward_simx_b8_n4_p2.log,b632f4fa2a97d25c2400038193c5890af9cddcf1e611da04cbdb6f47924872c2,1008998,908656,2.828103,6455855c2b6c91e83a5cdc8be3c012698faa43b3
warp_barrier,global,warp,2,xrt,32,8,32,8,4,2,64,93064,1038364,936451,14632.046875,PASS,PASS,4.038853,4.269631,732786287d6b54cf0b73d2a4f1634a9e534ba0c2029257bcd840df5744529d55,0a2e1d44de4d213640502126ebde726d5ae04dc930d3b2f8bb68b4d44ed743f9,1bd44cf34eb5aa222e740b435cb1de7a5e05ed5d,,build32_im/sg5_model/final_xrt_b8_n4_p2.log,2f2f3f0789531ed79584fdbdfe2da6923ee83041f589fcc06f0cb7755cc564a5,1038364,936451,2.828103,6455855c2b6c91e83a5cdc8be3c012698faa43b3
warp_barrier,global,warp,2,simx,32,8,32,8,5,2,80,93064,1289160,1187197,14839.962500,PASS,PASS,1.521052,1.802034,732786287d6b54cf0b73d2a4f1634a9e534ba0c2029257bcd840df5744529d55,0a2e1d44de4d213640502126ebde726d5ae04dc930d3b2f8bb68b4d44ed743f9,1bd44cf34eb5aa222e740b435cb1de7a5e05ed5d,,build32_im/sg5_model/forward_simx_b8_n5_p2.log,86bafa1caaab325ed2b603363d29226696a60b2d98019ec678eacd1d270fca5a,1289051,1185558,1.512468,6455855c2b6c91e83a5cdc8be3c012698faa43b3
warp_barrier,global,warp,2,xrt,32,8,32,8,5,2,80,93064,1269845,1166182,14577.275000,PASS,PASS,1.521052,1.802034,732786287d6b54cf0b73d2a4f1634a9e534ba0c2029257bcd840df5744529d55,0a2e1d44de4d213640502126ebde726d5ae04dc930d3b2f8bb68b4d44ed743f9,1bd44cf34eb5aa222e740b435cb1de7a5e05ed5d,,build32_im/sg5_model/final_xrt_b8_n5_p2.log,8e507bf1918dbfd11a00b66f6a015836efe8fd9db488c9275cfa317c692d134b,1269845,1166182,1.512468,6455855c2b6c91e83a5cdc8be3c012698faa43b3
warp_barrier,global,warp,2,simx,32,8,32,8,6,2,96,93064,1553825,1448763,15091.281250,PASS,PASS,4.068157,4.501589,732786287d6b54cf0b73d2a4f1634a9e534ba0c2029257bcd840df5744529d55,0a2e1d44de4d213640502126ebde726d5ae04dc930d3b2f8bb68b4d44ed743f9,1bd44cf34eb5aa222e740b435cb1de7a5e05ed5d,,build32_im/sg5_model/forward_simx_b8_n6_p2.log,c5012a56436f8adb0d35f84523c5c491d403800c8d2347c84a27ef8b714c579a,1574342,1467982,5.442293,6455855c2b6c91e83a5cdc8be3c012698faa43b3
warp_barrier,global,warp,2,xrt,32,8,32,8,6,2,96,93064,1493084,1386355,14441.197917,PASS,PASS,4.068157,4.501589,732786287d6b54cf0b73d2a4f1634a9e534ba0c2029257bcd840df5744529d55,0a2e1d44de4d213640502126ebde726d5ae04dc930d3b2f8bb68b4d44ed743f9,1bd44cf34eb5aa222e740b435cb1de7a5e05ed5d,,build32_im/sg5_model/final_xrt_b8_n6_p2.log,a952c75d83a50550b353c4793bc0a09e36b8961bf80f6f3aceceb38554ff0bbe,1493084,1386355,5.442293,6455855c2b6c91e83a5cdc8be3c012698faa43b3
warp_barrier,global,warp,2,simx,32,8,32,8,6,8,384,365416,5619701,5514639,14361.039062,PASS,PASS,1.979506,2.049450,732786287d6b54cf0b73d2a4f1634a9e534ba0c2029257bcd840df5744529d55,0a2e1d44de4d213640502126ebde726d5ae04dc930d3b2f8bb68b4d44ed743f9,1bd44cf34eb5aa222e740b435cb1de7a5e05ed5d,,build32_im/sg5_model/forward_simx_b8_n6_p8.log,48b40e47429b7b97978a0e3bd111ff945627a3a6b5b9f93aca57336b75380ccd,5707106,5600746,3.565625,6455855c2b6c91e83a5cdc8be3c012698faa43b3
warp_barrier,global,warp,2,xrt,32,8,32,8,6,8,384,365416,5510618,5403889,14072.627604,PASS,PASS,1.979506,2.049450,732786287d6b54cf0b73d2a4f1634a9e534ba0c2029257bcd840df5744529d55,0a2e1d44de4d213640502126ebde726d5ae04dc930d3b2f8bb68b4d44ed743f9,1bd44cf34eb5aa222e740b435cb1de7a5e05ed5d,,build32_im/sg5_model/final_xrt_b8_n6_p8.log,9501bc0bf4220ce1d40aaadb25ba20c7a6b5b2cfccfa8b81151dd5bcc0db09a5,5510618,5403889,3.565625,6455855c2b6c91e83a5cdc8be3c012698faa43b3
