# The KECCAKF instruction on ML-DSA-65. tests/pqc/mldsa_profile, simx,
# 1 core / 4 warps / 4 threads, one lane, L2-L3 off.
#
# ONE BUILD PER ROW-GROUP, as mlkem_profile does it: the PE arm, its own
# baseline and the ABLATE=keccak floor are the same binary with the same
# counters and the same seed, differing only by KECCAK=pe / ABLATE=keccak. The
# arm each row was actually built with is stamped by the DEVICE and printed as
# `ARM: keccak=... ablate=...`; see the note at the bottom on why that exists.
#
# THE PE ARM CAN MEASURE WHAT THE ABLATION CANNOT. Ablation is keypair-only on
# this scheme -- a stubbed permutation makes signing run to
# MLD_MAX_SIGNING_ATTEMPTS and SampleInBall spin on constant bytes -- so the
# round-trip bound in ablation_mldsa.csv is an extrapolation. The PE computes the
# right answer, so its round trip is MEASURED. Every row below passes.
ram,scope,perms,baseline_cycles,pe_cycles,speedup,floor_cycles,ceiling,pct_of_ceiling
low,keypair,190,42022203,13284166,3.1633,12790511,3.2854,96.3
low,roundtrip,782,189935041,71625276,2.6518,,,
full,keypair,190,39121420,10377817,3.7697,10001328,3.9116,96.4
full,roundtrip,582,142119279,54069437,2.6285,,,
#
# THE EXTRAPOLATED ROUND-TRIP BOUND IS NOW CROSS-CHECKED, BY A DIFFERENT ROUTE.
# ablation_mldsa.csv derives the free-Keccak round trip by subtracting the
# SOFTWARE cost of Keccak from the baseline: perms x the ablation's per-permutation
# cost. The PE arm gives an independent route -- subtract the PE's OWN cost from
# the PE's round trip -- and the two land on the same number:
#   ram=low    extrapolated 2.728x     from the PE arm 2.729x     (0.04% apart)
#   ram=full   extrapolated 2.686x     from the PE arm 2.686x     (0.00%)
# Nothing is shared between the two derivations except the permutation count, so
# this is a real check on the extrapolation and not a restatement of it. Gap (4)
# in ablation_mldsa.csv stands -- sign and verify still cannot be ablated -- but
# the extrapolation it forced is no longer unverified.
#
# THE PE'S COST IS SET BY THE MEMORY SYSTEM, NOT THE DATAPATH, and this file is
# where that stops being an inference. Per permutation, in the build that ran it:
#   ML-KEM                 1,439 cycles     106x software
#   ML-DSA, RAM=full       1,982 cycles      77x
#   ML-DSA, RAM=low        2,598 cycles      58x
# Same instruction, same engine, same 24-cycle datapath parameter: a 1.8x spread
# driven entirely by what else is resident. Fifty words in and fifty back out is
# the cost, and the caller's cache pressure sets it. This is the same conclusion
# the latency sweep reached from the other side -- 96x on the datapath latency
# parameter moves ML-KEM by 0.12% -- and the two agree.
#
# THE MEMORY BUDGET TRADES KEYPAIR AGAINST THE ROUND TRIP. Going low -> full:
#   keypair    3.163x -> 3.770x       round trip   2.652x -> 2.628x
# Materialising matrix A restores the library's 4-wide batching and cuts keypair
# permutations' share, so the instruction has more to take there; across the
# whole round trip the two effects nearly cancel. Neither budget makes the
# instruction meaningfully better or worse end to end.
#
# BOTH ROUND-TRIP ROWS ARE ONE SEED'S REJECTION OUTCOME AND MUST BE READ AS THAT.
# 782 permutations is the 35th percentile of the host sweep (mode 574, median
# 1173, mean 1414); there is no modal seed worth switching to, unlike ML-KEM
# where 144 is the mode at 92.6%. The SPEEDUP is far less seed-sensitive than the
# absolute cycles -- both numerator and denominator scale with the rejection
# count -- but that robustness is argued here, not measured, and closing it needs
# the archived distribution that ablation_mldsa.csv gap (3) asks for.
#
# THE ARM STAMP, and why a results file mentions a build detail. The first run of
# this table came back with the PE column IDENTICAL TO THE BASELINE TO THE CYCLE
# in all six rows. Not a failure: build32 holds COPIES of the test Makefiles,
# `configure` refreshes them, and it had not been re-run after the KECCAK=pe arm
# was added -- so `KECCAK=pe` was an unread make variable. No error fires, because
# the `$(error KECCAK must be pe or unset)` guard lives in the file that was not
# copied, and the host is built from that same file so both sides agree on being
# wrong. mldsa_profile now stamps MLD_PROF_ARM on the DEVICE from its own #ifdefs
# and the host prints it, so a missing arm is visible in the log instead of
# arriving as a measurement.
