arm,backend,M,xlen,cores,warps,threads,flags,keccak,ntt,nttmul,nttbf,mulcache,basemul,reduce,arith_mul,profile,batch_start,batch_end,batch_cycles,run_instrs,run_cycles,kat_requests,status,kernel_sha256,kernel,log,archive
baseline,simx,1,32,1,8,32,217,pe,reg32,k,sg2,c,c,c,c,0,1211,7774603,7773392,728166,7775420,1,PASS,aacef153910fdd99e9d87392011f90ed4242f9bd8fd19bbee09324f026a0bf47,build32_nttmul/arith_validation/baseline/kernel.vxbin,build32_nttmul/arith_validation/baseline/simx_m1.log,arith_validation
baseline,simx,8,32,1,8,32,217,pe,reg32,k,sg2,c,c,c,c,0,1637,10092843,10091206,5825328,10093589,8,PASS,aacef153910fdd99e9d87392011f90ed4242f9bd8fd19bbee09324f026a0bf47,build32_nttmul/arith_validation/baseline/kernel.vxbin,build32_nttmul/arith_validation/baseline/simx_m8.log,arith_validation
basemul_reduce_c,rtlsim,8,32,1,8,32,3289,pe,reg32,k,sg2,c,w32,w32,c,0,1809,8843824,8842015,4450936,8844445,8,PASS,bd7cb8d258aad01078bdebb03c8e6becd00be186466e2254aaa096eb1b08b288,build32_nttmul/arith_validation/basemul_reduce_c/kernel.vxbin,build32_nttmul/arith_validation/basemul_reduce_c/rtlsim_m8.log,arith_validation
basemul_reduce_c,simx,1,32,1,8,32,3289,pe,reg32,k,sg2,c,w32,w32,c,0,1204,6219995,6218791,556367,6220807,1,PASS,bd7cb8d258aad01078bdebb03c8e6becd00be186466e2254aaa096eb1b08b288,build32_nttmul/arith_validation/basemul_reduce_c/kernel.vxbin,build32_nttmul/arith_validation/basemul_reduce_c/simx_m1.log,arith_validation
basemul_reduce_c,simx,8,32,1,8,32,3289,pe,reg32,k,sg2,c,w32,w32,c,0,1528,8512524,8510996,4450936,8513262,8,PASS,bd7cb8d258aad01078bdebb03c8e6becd00be186466e2254aaa096eb1b08b288,build32_nttmul/arith_validation/basemul_reduce_c/kernel.vxbin,build32_nttmul/arith_validation/basemul_reduce_c/simx_m8.log,arith_validation
basemul_reduce_c,xrt,8,32,1,8,32,3289,pe,reg32,k,sg2,c,w32,w32,c,0,1800,8870574,8868774,4450936,8871195,8,PASS,bd7cb8d258aad01078bdebb03c8e6becd00be186466e2254aaa096eb1b08b288,build32_nttmul/arith_validation/basemul_reduce_c/kernel.vxbin,build32_nttmul/arith_validation/basemul_reduce_c/xrt_m8.log,arith_validation
basemul_reduce_ise,simx,1,32,1,8,32,7385,pe,reg32,k,sg2,c,w32,w32,ise,0,1213,6220985,6219772,556440,6221816,1,PASS,ad602ed1c2c008a712149728700cd0ebaad612d1ece55077c5b9c4c2c2b57510,build32_nttmul/arith_validation/basemul_reduce_ise/kernel.vxbin,build32_nttmul/arith_validation/basemul_reduce_ise/simx_m1.log,arith_validation
basemul_reduce_ise,simx,8,32,1,8,32,7385,pe,reg32,k,sg2,c,w32,w32,ise,0,1523,8529770,8528247,4451520,8530510,8,PASS,ad602ed1c2c008a712149728700cd0ebaad612d1ece55077c5b9c4c2c2b57510,build32_nttmul/arith_validation/basemul_reduce_ise/kernel.vxbin,build32_nttmul/arith_validation/basemul_reduce_ise/simx_m8.log,arith_validation
e2e_all_c,simx,1,32,1,8,32,3801,pe,reg32,k,sg2,w32,w32,w32,c,0,1205,6077988,6076783,537247,6078829,1,PASS,c305123b018cbb9e76920f9a2dd096b409c4a3165668d289704e91e94b99dfe2,build32_nttmul/arith_validation/e2e_all_c/kernel.vxbin,build32_nttmul/arith_validation/e2e_all_c/simx_m1.log,arith_validation
e2e_all_c,simx,8,32,1,8,32,3801,pe,reg32,k,sg2,w32,w32,w32,c,0,1550,8608951,8607401,4297976,8609689,8,PASS,c305123b018cbb9e76920f9a2dd096b409c4a3165668d289704e91e94b99dfe2,build32_nttmul/arith_validation/e2e_all_c/kernel.vxbin,build32_nttmul/arith_validation/e2e_all_c/simx_m8.log,arith_validation
e2e_all_ise,rtlsim,1,32,1,8,32,7897,pe,reg32,k,sg2,w32,w32,w32,ise,0,1149,6000945,5999796,537044,6001634,1,PASS,6f064a4b857521d62d255807178d9e386ea9f2fda4dad28860083728569641c8,build32_nttmul/arith_validation/e2e_all_ise/kernel.vxbin,build32_nttmul/arith_validation/e2e_all_ise/rtlsim_m1.log,arith_validation
e2e_all_ise,rtlsim,8,32,1,8,32,7897,pe,reg32,k,sg2,w32,w32,w32,ise,0,1522,8998861,8997339,4296352,8999482,8,PASS,6f064a4b857521d62d255807178d9e386ea9f2fda4dad28860083728569641c8,build32_nttmul/arith_validation/e2e_all_ise/kernel.vxbin,build32_nttmul/arith_validation/e2e_all_ise/rtlsim_m8.log,arith_validation
e2e_all_ise,simx,1,32,1,8,32,7897,pe,reg32,k,sg2,w32,w32,w32,ise,0,1213,6073526,6072313,537044,6074346,1,PASS,6f064a4b857521d62d255807178d9e386ea9f2fda4dad28860083728569641c8,build32_nttmul/arith_validation/e2e_all_ise/kernel.vxbin,build32_nttmul/arith_validation/e2e_all_ise/simx_m1.log,arith_validation
e2e_all_ise,simx,8,32,1,8,32,7897,pe,reg32,k,sg2,w32,w32,w32,ise,0,1657,8604307,8602650,4296352,8605049,8,PASS,6f064a4b857521d62d255807178d9e386ea9f2fda4dad28860083728569641c8,build32_nttmul/arith_validation/e2e_all_ise/kernel.vxbin,build32_nttmul/arith_validation/e2e_all_ise/simx_m8.log,arith_validation
e2e_all_ise,xrt,1,32,1,8,32,7897,pe,reg32,k,sg2,w32,w32,w32,ise,0,1147,6000906,5999759,537044,6001605,1,PASS,6f064a4b857521d62d255807178d9e386ea9f2fda4dad28860083728569641c8,build32_nttmul/arith_validation/e2e_all_ise/kernel.vxbin,build32_nttmul/arith_validation/e2e_all_ise/xrt_m1.log,arith_validation
e2e_all_ise,xrt,8,32,1,8,32,7897,pe,reg32,k,sg2,w32,w32,w32,ise,0,1625,9021427,9019802,4296352,9022048,8,PASS,6f064a4b857521d62d255807178d9e386ea9f2fda4dad28860083728569641c8,build32_nttmul/arith_validation/e2e_all_ise/kernel.vxbin,build32_nttmul/arith_validation/e2e_all_ise/xrt_m8.log,arith_validation
e2e_basemul_c,simx,1,32,1,8,32,1241,pe,reg32,k,sg2,c,w32,c,c,0,1202,7082186,7080984,647476,7083013,1,PASS,53f49df74c5bf946834400519c0c5c4797b7ad8173016cf45d3a61b51e49f492,build32_nttmul/arith_validation/e2e_basemul_c/kernel.vxbin,build32_nttmul/arith_validation/e2e_basemul_c/simx_m1.log,arith_validation
e2e_basemul_c,simx,8,32,1,8,32,1241,pe,reg32,k,sg2,c,w32,c,c,0,1591,9303679,9302088,5179808,9304422,8,PASS,53f49df74c5bf946834400519c0c5c4797b7ad8173016cf45d3a61b51e49f492,build32_nttmul/arith_validation/e2e_basemul_c/kernel.vxbin,build32_nttmul/arith_validation/e2e_basemul_c/simx_m8.log,arith_validation
e2e_basemul_ise,simx,1,32,1,8,32,5337,pe,reg32,k,sg2,c,w32,c,ise,0,1184,7083034,7081850,647548,7083849,1,PASS,2971b1c5e0b615da3f3b6c28a11756057a29ecf6bc72849992aa9cbdc2276f6f,build32_nttmul/arith_validation/e2e_basemul_ise/kernel.vxbin,build32_nttmul/arith_validation/e2e_basemul_ise/simx_m1.log,arith_validation
e2e_basemul_ise,simx,8,32,1,8,32,5337,pe,reg32,k,sg2,c,w32,c,ise,0,1499,9310861,9309362,5180384,9311602,8,PASS,2971b1c5e0b615da3f3b6c28a11756057a29ecf6bc72849992aa9cbdc2276f6f,build32_nttmul/arith_validation/e2e_basemul_ise/kernel.vxbin,build32_nttmul/arith_validation/e2e_basemul_ise/simx_m8.log,arith_validation
e2e_mulcache_c,simx,1,32,1,8,32,729,pe,reg32,k,sg2,w32,c,c,c,0,1181,7618729,7617548,707416,7619545,1,PASS,b48f4d8ae6883db596c9e9012f016c4e7e832c4cdea44ced09216bf304232724,build32_nttmul/arith_validation/e2e_mulcache_c/kernel.vxbin,build32_nttmul/arith_validation/e2e_mulcache_c/simx_m1.log,arith_validation
e2e_mulcache_c,simx,8,32,1,8,32,729,pe,reg32,k,sg2,w32,c,c,c,0,1443,10151272,10149829,5659328,10152017,8,PASS,b48f4d8ae6883db596c9e9012f016c4e7e832c4cdea44ced09216bf304232724,build32_nttmul/arith_validation/e2e_mulcache_c/kernel.vxbin,build32_nttmul/arith_validation/e2e_mulcache_c/simx_m8.log,arith_validation
e2e_mulcache_ise,simx,1,32,1,8,32,4825,pe,reg32,k,sg2,w32,c,c,ise,0,1226,7616647,7615421,707140,7617473,1,PASS,24447ddfbdc9e32c72bc50e7713c0311dbee9708572ba009e61316bc0bc1e3fe,build32_nttmul/arith_validation/e2e_mulcache_ise/kernel.vxbin,build32_nttmul/arith_validation/e2e_mulcache_ise/simx_m1.log,arith_validation
e2e_mulcache_ise,simx,8,32,1,8,32,4825,pe,reg32,k,sg2,w32,c,c,ise,0,1501,10136693,10135192,5657120,10137436,8,PASS,24447ddfbdc9e32c72bc50e7713c0311dbee9708572ba009e61316bc0bc1e3fe,build32_nttmul/arith_validation/e2e_mulcache_ise/kernel.vxbin,build32_nttmul/arith_validation/e2e_mulcache_ise/simx_m8.log,arith_validation
e2e_reduce_c,simx,1,32,1,8,32,2265,pe,reg32,k,sg2,c,c,w32,c,0,1204,6900318,6899114,635419,6901145,1,PASS,37062d752225b5d5c632639e43cfa1774c8fc2b1c3b435dc3008daa81f950b5f,build32_nttmul/arith_validation/e2e_reduce_c/kernel.vxbin,build32_nttmul/arith_validation/e2e_reduce_c/simx_m1.log,arith_validation
e2e_reduce_c,simx,8,32,1,8,32,2265,pe,reg32,k,sg2,c,c,w32,c,0,1642,9283143,9281501,5083352,9283883,8,PASS,37062d752225b5d5c632639e43cfa1774c8fc2b1c3b435dc3008daa81f950b5f,build32_nttmul/arith_validation/e2e_reduce_c/kernel.vxbin,build32_nttmul/arith_validation/e2e_reduce_c/simx_m8.log,arith_validation
profile_all_ise,simx,1,32,1,8,32,8153,pe,reg32,k,sg2,w32,w32,w32,ise,1,1348,6090366,6089018,538542,6091332,1,PASS,1bf3427c4f01f3f0503b5194c4e239f96bc19638617728f8b9d4c7881fbcb322,build32_nttmul/arith_validation/profile_all_ise/kernel.vxbin,build32_nttmul/arith_validation/profile_all_ise/simx_m1.log,arith_validation
profile_all_ise,simx,8,32,1,8,32,8153,pe,reg32,k,sg2,w32,w32,w32,ise,1,1649,8653620,8651971,4308336,8654511,8,PASS,1bf3427c4f01f3f0503b5194c4e239f96bc19638617728f8b9d4c7881fbcb322,build32_nttmul/arith_validation/profile_all_ise/kernel.vxbin,build32_nttmul/arith_validation/profile_all_ise/simx_m8.log,arith_validation
profile_baseline,simx,1,32,1,8,32,473,pe,reg32,k,sg2,c,c,c,c,1,1392,7848185,7846793,735695,7849151,1,PASS,f6cdcaafa0df299079f1a75429ca021c5b2049e350ef60a8ab8ecaa1c27d8472,build32_nttmul/arith_validation/profile_baseline/kernel.vxbin,build32_nttmul/arith_validation/profile_baseline/simx_m1.log,arith_validation
profile_baseline,simx,8,32,1,8,32,473,pe,reg32,k,sg2,c,c,c,c,1,1786,10193022,10191236,5885560,10193930,8,PASS,f6cdcaafa0df299079f1a75429ca021c5b2049e350ef60a8ab8ecaa1c27d8472,build32_nttmul/arith_validation/profile_baseline/kernel.vxbin,build32_nttmul/arith_validation/profile_baseline/simx_m8.log,arith_validation
baseline,rtlsim,1,32,1,8,32,217,pe,reg32,k,sg2,c,c,c,c,0,1147,7712948,7711801,728166,7713631,1,PASS,aacef153910fdd99e9d87392011f90ed4242f9bd8fd19bbee09324f026a0bf47,build32_nttmul/halfbank_validation/binaries/reg32_sg2_nttmul/kernel.vxbin,build32_nttmul/halfbank_validation/profile_rtlsim_m1.log,halfbank_validation_at_2d6b9b8a9
baseline,rtlsim,8,32,1,8,32,217,pe,reg32,k,sg2,c,c,c,c,0,1634,10483188,10481554,5825328,10483809,8,PASS,aacef153910fdd99e9d87392011f90ed4242f9bd8fd19bbee09324f026a0bf47,build32_nttmul/halfbank_validation/binaries/reg32_sg2_nttmul/kernel.vxbin,build32_nttmul/halfbank_validation/profile_rtlsim_m8.log,halfbank_validation_at_2d6b9b8a9
baseline,xrt,1,32,1,8,32,217,pe,reg32,k,sg2,c,c,c,c,0,1152,7712607,7711455,728166,7713290,1,PASS,aacef153910fdd99e9d87392011f90ed4242f9bd8fd19bbee09324f026a0bf47,build32_nttmul/halfbank_validation/binaries/reg32_sg2_nttmul/kernel.vxbin,build32_nttmul/halfbank_validation/profile_xrt_m1.log,halfbank_validation_at_2d6b9b8a9
baseline,xrt,8,32,1,8,32,217,pe,reg32,k,sg2,c,c,c,c,0,1732,10520423,10518691,5825328,10521044,8,PASS,aacef153910fdd99e9d87392011f90ed4242f9bd8fd19bbee09324f026a0bf47,build32_nttmul/halfbank_validation/binaries/reg32_sg2_nttmul/kernel.vxbin,build32_nttmul/halfbank_validation/profile_xrt_m8.log,halfbank_validation_at_2d6b9b8a9
