scheme,batch,driver,change,before,after,before_cycles,after_cycles,speedup,cycle_reduction_pct
K,1,simx,keccak_first,A,B,8290905,5678094,1.4601563482393916,31.514183312919396
K,1,simx,ntt_after_keccak,B,D,5678094,5363712,1.058612766680985,5.536752297513914
K,1,simx,ntt_first,A,C,8290905,7982437,1.0386433366151213,3.7205588533459233
K,1,simx,keccak_after_ntt,C,D,7982437,5363712,1.4882299795365597,32.80608415700619
K,1,simx,joint,A,D,8290905,5363712,1.5457401515965064,35.30607334181251
K,1,xrt,keccak_first,A,B,8283170,5658327,1.4638902983160924,31.688870323801154
K,1,xrt,ntt_after_keccak,B,D,5658327,5343430,1.0589316225720184,5.565196214358059
K,1,xrt,ntt_first,A,C,8283170,7972346,1.0389877709773259,3.7524764069794547
K,1,xrt,keccak_after_ntt,C,D,7972346,5343430,1.4919903507672039,32.97543784476991
K,1,xrt,joint,A,D,8283170,5343430,1.5501597288632958,35.4905187265262
K,8,simx,keccak_first,A,B,22767000,13570357,1.677700888782808,40.39461940527958
K,8,simx,ntt_after_keccak,B,D,13570357,12336814,1.0999887815444085,9.089981936363213
K,8,simx,ntt_first,A,C,22767000,21409882,1.0633874581840292,5.960899547590815
K,8,simx,keccak_after_ntt,C,D,21409882,12336814,1.7354466072034482,42.377944913475
K,8,simx,joint,A,D,22767000,12336814,1.845452156448172,45.8127377344402
K,8,xrt,keccak_first,A,B,22892221,13761563,1.6634898957335007,39.88541784565158
K,8,xrt,ntt_after_keccak,B,D,13761563,12570125,1.0947833056552738,8.657722963590686
K,8,xrt,ntt_first,A,C,22892221,21616943,1.05899437307116,5.5707919297127155
K,8,xrt,keccak_after_ntt,C,D,21616943,12570125,1.7197078787999325,41.85058914204474
K,8,xrt,joint,A,D,22892221,12570125,1.8211609669752686,45.08997182929521
D,1,simx,keccak_first,A,B,43026129,31455898,1.3678238974452421,26.891173500641898
D,1,simx,ntt_after_keccak,B,D,31455898,29580667,1.0633938037975952,5.961460709212629
D,1,simx,ntt_first,A,C,43026129,41139116,1.0458690702055922,4.3857373271948275
D,1,simx,keccak_after_ntt,C,D,41139116,29580667,1.3907433527445476,28.096007216100606
D,1,simx,joint,A,D,43026129,29580667,1.454535457229548,31.249527467367567
D,1,xrt,keccak_first,A,B,42742735,31157580,1.371824608971557,27.104383937995546
D,1,xrt,ntt_after_keccak,B,D,31157580,29301732,1.063335778240003,5.956329085891776
D,1,xrt,ntt_first,A,C,42742735,40866316,1.0459160302093293,4.390030258943423
D,1,xrt,keccak_after_ntt,C,D,40866316,29301732,1.394672369537746,28.29857234990304
D,1,xrt,joint,A,D,42742735,29301732,1.458710188189558,31.446286719836714
D,8,simx,keccak_first,A,B,155202355,98783033,1.5711438522038497,36.35210432212836
D,8,simx,ntt_after_keccak,B,D,98783033,83956720,1.176594714514812,15.008967177592126
D,8,simx,ntt_first,A,C,155202355,140898531,1.1015186169684055,9.21624159633403
D,8,simx,keccak_after_ntt,C,D,140898531,83956720,1.678228151361797,40.413346112174864
D,8,simx,joint,A,D,155202355,83956720,1.8485995522454903,45.90499609364819
D,8,xrt,keccak_first,A,B,155708685,99230027,1.5691690278387207,36.27200242555513
D,8,xrt,ntt_after_keccak,B,D,99230027,84184362,1.1787228012727589,15.16241147450257
D,8,xrt,ntt_first,A,C,155708685,141011148,1.1042296102716644,9.439124734757087
D,8,xrt,keccak_after_ntt,C,D,141011148,84184362,1.675027815736134,40.29949887366352
D,8,xrt,joint,A,D,155708685,84184362,1.8496153121645087,45.93470364225348
