kind,scheme,arm,batch,instructions_match,simx_cycles,xrt_cycles,device_gap_pct,interval_gap_pct,pass_5pct
primitive,K,sw,1,True,12739277,12294328,3.619140468677906,,True
primitive,K,sw,8,True,17739085,17526828,1.2110405830421778,,True
primitive,K,hw,1,True,12613813,12169067,3.654725543051085,,True
primitive,K,hw,8,True,17242292,17050700,1.123660612174282,,True
request,K,A,1,True,8293048,8285153,0.09529093789819587,0.09338212302778537,True
request,K,A,8,True,22769987,22895408,0.5477998033492137,0.547002407499031,True
profile,K,A,1,True,9192406,9165689,0.29148927047382145,0.2902099096604438,True
request,K,B,1,True,5680234,5660302,0.3521366881131138,0.3493435427114777,True
request,K,B,8,True,13573347,13764732,1.3904012079566819,1.3894206639173179,True
profile,K,B,1,True,6080967,6056673,0.4011113031857638,0.3994727884357063,True
request,K,C,1,True,7984558,7974303,0.12860058114170236,0.12657503826352112,True
request,K,C,8,True,21413000,21620043,0.9576437937704352,0.9578643936841602,True
request,K,D,1,True,5365834,5345388,0.3824979589881927,0.3795689285720938,True
request,K,D,8,True,12339947,12573248,1.8555348625907908,1.8560754169111293,True
profile,K,D,1,True,5773419,5746598,0.4667283147350876,0.4644522430677034,True
primitive,D,sw,1,True,13358876,12928809,3.3264239575354626,,True
primitive,D,sw,8,True,18957512,18570553,2.083723624169953,,True
primitive,D,hw,1,True,13156297,12728603,3.3601016545177886,,True
primitive,D,hw,8,True,18058325,17703855,2.0022192906573144,,True
request,D,A,1,True,43275651,42980099,0.6876484858725052,0.663022616592035,True
request,D,A,8,True,155494188,155999699,0.324046138063383,0.32517775100342483,True
profile,D,A,1,True,43469652,43208138,0.6052424661298739,0.5806318050371129,True
request,D,B,1,True,31708338,31397744,0.9892239391467106,0.9574491985577804,True
request,D,B,8,True,99077627,99520756,0.4452628957119287,0.4504624391566514,True
profile,D,B,1,True,31842123,31573997,0.8491987884840846,0.8170228644108324,True
request,D,C,1,True,41388620,41103658,0.6932764962184201,0.6675424327458268,True
request,D,C,8,True,141189409,141312466,0.08708148932876636,0.07986389842028485,True
request,D,D,1,True,29833121,29541930,0.9856871233531406,0.9519403153369854,True
request,D,D,8,True,84251224,84488583,0.28093618282128974,0.270408891380558,True
profile,D,D,1,True,29959340,29704767,0.8570105936195338,0.8228188301212747,True
