# Per-request phase timings from ntt_share_after_keccak.csv; identical config and coins.
arm,requests,request_id,keypair,encaps,decaps,total,start,end
base,1,0,10022846,11057454,13338065,34418365,1675,34420040
base,8,0,13493691,13480736,15186815,42161242,1790,42163032
base,8,1,13598356,13695082,15426011,42719449,1796,42721245
base,8,2,13793688,13983311,15692199,43469198,1794,43470992
base,8,3,14009071,14244767,15878987,44132825,1797,44134622
base,8,4,14163894,14503511,16094286,44761691,1814,44763505
base,8,5,14396842,14829080,16382187,45608109,1802,45609911
base,8,6,14672935,15319893,16641656,46634484,1824,46636308
base,8,7,15027332,16063638,16738442,47829412,1818,47831230
pe,1,0,3008508,4042536,4916988,11968032,847,11968879
pe,8,0,3345246,4523945,5473089,13342280,999,13343279
pe,8,1,3390297,4586554,5544930,13521781,1004,13522785
pe,8,2,3442884,4678809,5622058,13743751,1013,13744764
pe,8,3,3490250,4774315,5709959,13974524,1019,13975543
pe,8,4,3587423,4916734,5769547,14273704,1025,14274729
pe,8,5,3668075,5129769,5860373,14658217,1047,14659264
pe,8,6,3812842,5448941,5916749,15178532,1051,15179583
pe,8,7,4021808,5880147,6038090,15940045,1072,15941117
pe_no_ntt,1,0,2197977,2616220,2830310,7644507,848,7645355
pe_no_ntt,8,0,2464959,2865778,3094921,8425658,931,8426589
pe_no_ntt,8,1,2489816,2900861,3137223,8527900,945,8528845
pe_no_ntt,8,2,2510880,2949465,3163712,8624057,938,8624995
pe_no_ntt,8,3,2553893,3006666,3197958,8758517,954,8759471
pe_no_ntt,8,4,2593352,3081941,3236379,8911672,959,8912631
pe_no_ntt,8,5,2657630,3156532,3260141,9074303,966,9075269
pe_no_ntt,8,6,2728253,3294428,3295982,9318663,979,9319642
pe_no_ntt,8,7,2842222,3471376,3354090,9667688,987,9668675
no_ntt,1,0,9212438,9630649,11248967,30092054,839,30092893
no_ntt,8,0,12729807,11936541,12981953,37648301,998,37649299
no_ntt,8,1,12877567,12178703,13242535,38298805,1011,38299816
no_ntt,8,2,13021781,12410236,13412582,38844599,1018,38845617
no_ntt,8,3,13156169,12618889,13567192,39342250,1004,39343254
no_ntt,8,4,13267461,12824578,13734757,39826796,1026,39827822
no_ntt,8,5,13416133,13051317,13910974,40378424,1037,40379461
no_ntt,8,6,13639464,13355689,14136579,41131732,1050,41132782
no_ntt,8,7,13841549,13763146,14322513,41927208,1063,41928271
