scheme,arm,batch,direction,simx_cycles,xrt_cycles,gap_pct,within_5pct
K,sw,1,forward,14580,14646,0.4506349856616132,True
K,sw,1,inverse,20382,20418,0.17631501616220957,True
K,sw,8,forward,59268,60818,2.5485875892005683,True
K,sw,8,inverse,79100,76536,3.3500574892860957,True
K,hw,1,forward,3700,3760,1.5957446808510634,True
K,hw,1,inverse,6373,6345,0.44129235618597384,True
K,hw,8,forward,17146,17683,3.036815020075778,True
K,hw,8,inverse,26910,26373,2.036173359117277,True
D,sw,1,forward,25444,25324,0.4738587900805502,True
D,sw,1,inverse,33001,32966,0.10616999332646593,True
D,sw,8,forward,122043,119628,2.0187581502658203,True
D,sw,8,inverse,148099,158177,6.3713434949455365,False
D,hw,1,forward,7561,7760,2.5644329896907236,True
D,hw,1,inverse,8473,8618,1.6825249477837034,True
D,hw,8,forward,44495,45572,2.3632932502413717,True
D,hw,8,inverse,46814,46652,0.347251993483666,True
