kind,scheme,arm,batch,driver,direction,sample,cycles,scalar_reference_cycles
primitive,K,sw,1,simx,forward,0,14580,135968
primitive,K,sw,1,simx,forward,1,14648,135968
primitive,K,sw,1,simx,forward,2,14554,135968
primitive,K,sw,1,simx,forward,3,14672,135968
primitive,K,sw,1,simx,forward,4,14554,135968
primitive,K,sw,1,simx,inverse,0,20513,256264
primitive,K,sw,1,simx,inverse,1,20382,256264
primitive,K,sw,1,simx,inverse,2,20341,256264
primitive,K,sw,1,simx,inverse,3,20324,256264
primitive,K,sw,1,simx,inverse,4,20512,256264
primitive,K,sw,1,xrt,forward,0,14646,134411
primitive,K,sw,1,xrt,forward,1,14566,134411
primitive,K,sw,1,xrt,forward,2,14590,134411
primitive,K,sw,1,xrt,forward,3,14649,134411
primitive,K,sw,1,xrt,forward,4,14668,134411
primitive,K,sw,1,xrt,inverse,0,20384,255584
primitive,K,sw,1,xrt,inverse,1,20391,255584
primitive,K,sw,1,xrt,inverse,2,20461,255584
primitive,K,sw,1,xrt,inverse,3,20493,255584
primitive,K,sw,1,xrt,inverse,4,20418,255584
primitive,K,sw,8,simx,forward,0,59281,187967
primitive,K,sw,8,simx,forward,1,59250,187967
primitive,K,sw,8,simx,forward,2,60167,187967
primitive,K,sw,8,simx,forward,3,59268,187967
primitive,K,sw,8,simx,forward,4,59147,187967
primitive,K,sw,8,simx,inverse,0,79100,401450
primitive,K,sw,8,simx,inverse,1,79203,401450
primitive,K,sw,8,simx,inverse,2,79100,401450
primitive,K,sw,8,simx,inverse,3,79221,401450
primitive,K,sw,8,simx,inverse,4,79100,401450
primitive,K,sw,8,xrt,forward,0,61999,192670
primitive,K,sw,8,xrt,forward,1,60818,192670
primitive,K,sw,8,xrt,forward,2,60860,192670
primitive,K,sw,8,xrt,forward,3,60818,192670
primitive,K,sw,8,xrt,forward,4,60818,192670
primitive,K,sw,8,xrt,inverse,0,76494,401371
primitive,K,sw,8,xrt,inverse,1,77015,401371
primitive,K,sw,8,xrt,inverse,2,76536,401371
primitive,K,sw,8,xrt,inverse,3,78323,401371
primitive,K,sw,8,xrt,inverse,4,76494,401371
primitive,K,hw,1,simx,forward,0,3751,135968
primitive,K,hw,1,simx,forward,1,3700,135968
primitive,K,hw,1,simx,forward,2,3701,135968
primitive,K,hw,1,simx,forward,3,3700,135968
primitive,K,hw,1,simx,forward,4,3700,135968
primitive,K,hw,1,simx,inverse,0,6373,256264
primitive,K,hw,1,simx,inverse,1,6430,256264
primitive,K,hw,1,simx,inverse,2,6311,256264
primitive,K,hw,1,simx,inverse,3,6310,256264
primitive,K,hw,1,simx,inverse,4,6381,256264
primitive,K,hw,1,xrt,forward,0,3737,134411
primitive,K,hw,1,xrt,forward,1,3733,134411
primitive,K,hw,1,xrt,forward,2,3760,134411
primitive,K,hw,1,xrt,forward,3,3785,134411
primitive,K,hw,1,xrt,forward,4,3778,134411
primitive,K,hw,1,xrt,inverse,0,6345,255584
primitive,K,hw,1,xrt,inverse,1,6334,255584
primitive,K,hw,1,xrt,inverse,2,6376,255584
primitive,K,hw,1,xrt,inverse,3,6314,255584
primitive,K,hw,1,xrt,inverse,4,6376,255584
primitive,K,hw,8,simx,forward,0,16918,188248
primitive,K,hw,8,simx,forward,1,17201,188248
primitive,K,hw,8,simx,forward,2,17146,188248
primitive,K,hw,8,simx,forward,3,16465,188248
primitive,K,hw,8,simx,forward,4,17195,188248
primitive,K,hw,8,simx,inverse,0,26909,407524
primitive,K,hw,8,simx,inverse,1,26910,407524
primitive,K,hw,8,simx,inverse,2,26964,407524
primitive,K,hw,8,simx,inverse,3,27000,407524
primitive,K,hw,8,simx,inverse,4,26909,407524
primitive,K,hw,8,xrt,forward,0,17588,192770
primitive,K,hw,8,xrt,forward,1,17682,192770
primitive,K,hw,8,xrt,forward,2,17683,192754
primitive,K,hw,8,xrt,forward,3,17733,192770
primitive,K,hw,8,xrt,forward,4,17803,192754
primitive,K,hw,8,xrt,inverse,0,26456,399709
primitive,K,hw,8,xrt,inverse,1,26322,399709
primitive,K,hw,8,xrt,inverse,2,26323,399695
primitive,K,hw,8,xrt,inverse,3,26373,399709
primitive,K,hw,8,xrt,inverse,4,26450,399695
primitive,D,sw,1,simx,forward,0,25404,247186
primitive,D,sw,1,simx,forward,1,25444,247186
primitive,D,sw,1,simx,forward,2,25444,247186
primitive,D,sw,1,simx,forward,3,25444,247186
primitive,D,sw,1,simx,forward,4,25444,247186
primitive,D,sw,1,simx,inverse,0,32955,304403
primitive,D,sw,1,simx,inverse,1,33001,304403
primitive,D,sw,1,simx,inverse,2,33001,304403
primitive,D,sw,1,simx,inverse,3,33001,304403
primitive,D,sw,1,simx,inverse,4,33079,304403
primitive,D,sw,1,xrt,forward,0,25324,246397
primitive,D,sw,1,xrt,forward,1,25464,246397
primitive,D,sw,1,xrt,forward,2,25321,246397
primitive,D,sw,1,xrt,forward,3,25336,246397
primitive,D,sw,1,xrt,forward,4,25289,246397
primitive,D,sw,1,xrt,inverse,0,32929,302363
primitive,D,sw,1,xrt,inverse,1,33069,302363
primitive,D,sw,1,xrt,inverse,2,33006,302363
primitive,D,sw,1,xrt,inverse,3,32957,302363
primitive,D,sw,1,xrt,inverse,4,32966,302363
primitive,D,sw,8,simx,forward,0,120862,386865
primitive,D,sw,8,simx,forward,1,122043,385792
primitive,D,sw,8,simx,forward,2,122043,386207
primitive,D,sw,8,simx,forward,3,122043,385622
primitive,D,sw,8,simx,forward,4,122043,388513
primitive,D,sw,8,simx,inverse,0,148099,493390
primitive,D,sw,8,simx,inverse,1,148099,488415
primitive,D,sw,8,simx,inverse,2,148099,487339
primitive,D,sw,8,simx,inverse,3,148099,495355
primitive,D,sw,8,simx,inverse,4,148099,495268
primitive,D,sw,8,xrt,forward,0,119153,385723
primitive,D,sw,8,xrt,forward,1,119628,389009
primitive,D,sw,8,xrt,forward,2,117095,385723
primitive,D,sw,8,xrt,forward,3,119628,385723
primitive,D,sw,8,xrt,forward,4,121609,385723
primitive,D,sw,8,xrt,inverse,0,158177,492887
primitive,D,sw,8,xrt,inverse,1,158903,492819
primitive,D,sw,8,xrt,inverse,2,157522,492887
primitive,D,sw,8,xrt,inverse,3,158177,492887
primitive,D,sw,8,xrt,inverse,4,158563,492887
primitive,D,hw,1,simx,forward,0,7594,247186
primitive,D,hw,1,simx,forward,1,7550,247186
primitive,D,hw,1,simx,forward,2,7529,247186
primitive,D,hw,1,simx,forward,3,7586,247186
primitive,D,hw,1,simx,forward,4,7561,247186
primitive,D,hw,1,simx,inverse,0,8409,304403
primitive,D,hw,1,simx,inverse,1,8473,304403
primitive,D,hw,1,simx,inverse,2,8520,304403
primitive,D,hw,1,simx,inverse,3,8432,304403
primitive,D,hw,1,simx,inverse,4,8520,304403
primitive,D,hw,1,xrt,forward,0,7746,246397
primitive,D,hw,1,xrt,forward,1,7812,246397
primitive,D,hw,1,xrt,forward,2,7796,246397
primitive,D,hw,1,xrt,forward,3,7760,246397
primitive,D,hw,1,xrt,forward,4,7746,246397
primitive,D,hw,1,xrt,inverse,0,8604,302363
primitive,D,hw,1,xrt,inverse,1,8618,302363
primitive,D,hw,1,xrt,inverse,2,8689,302363
primitive,D,hw,1,xrt,inverse,3,8638,302363
primitive,D,hw,1,xrt,inverse,4,8615,302363
primitive,D,hw,8,simx,forward,0,44794,385394
primitive,D,hw,8,simx,forward,1,44495,385694
primitive,D,hw,8,simx,forward,2,44495,385170
primitive,D,hw,8,simx,forward,3,44495,385700
primitive,D,hw,8,simx,forward,4,44495,387467
primitive,D,hw,8,simx,inverse,0,46814,493530
primitive,D,hw,8,simx,inverse,1,46814,491254
primitive,D,hw,8,simx,inverse,2,46814,491254
primitive,D,hw,8,simx,inverse,3,46814,492127
primitive,D,hw,8,simx,inverse,4,46814,490751
primitive,D,hw,8,xrt,forward,0,45609,387277
primitive,D,hw,8,xrt,forward,1,45126,389961
primitive,D,hw,8,xrt,forward,2,45572,387277
primitive,D,hw,8,xrt,forward,3,45572,387277
primitive,D,hw,8,xrt,forward,4,45572,387277
primitive,D,hw,8,xrt,inverse,0,46652,496141
primitive,D,hw,8,xrt,inverse,1,46652,498807
primitive,D,hw,8,xrt,inverse,2,46652,496141
primitive,D,hw,8,xrt,inverse,3,46652,496141
primitive,D,hw,8,xrt,inverse,4,46652,496141
