parameter,arm,requests,resident,input_start,driver,cycles,speedup_vs_one_worker
D44,A,1,1,1,simx,33462750,1.0
D44,A,1,1,1,xrt,33342762,1.0
D44,A,8,1,1,simx,278183162,1.0
D44,A,8,1,1,xrt,277119982,1.0
D44,A,8,2,1,simx,184816876,1.5051826868883986
D44,A,8,2,1,xrt,183989745,1.5061708031607957
D44,A,8,4,1,simx,119858441,2.3209309221700956
D44,A,8,4,1,xrt,120194443,2.3055972895518972
D44,A,8,8,1,simx,98102050,2.835650855410259
D44,A,8,8,1,xrt,98693964,2.8078716343787753
D44,B,1,1,1,simx,25456031,1.0
D44,B,1,1,1,xrt,25346182,1.0
D44,C,1,1,1,simx,31427221,1.0
D44,C,1,1,1,xrt,31319175,1.0
D44,D,1,1,1,simx,23450259,1.0
D44,D,1,1,1,xrt,23353367,1.0
D44,E,1,1,1,simx,22006420,1.0
D44,E,1,1,1,xrt,21917201,1.0
D44,E,8,1,1,simx,183820834,1.0
D44,E,8,1,1,xrt,182994456,1.0
D44,E,8,2,1,simx,118205932,1.5550897564091792
D44,E,8,2,1,xrt,117667231,1.5551862183278538
D44,E,8,4,1,simx,70707025,2.5997534756977827
D44,E,8,4,1,xrt,70634054,2.5907398151039156
D44,E,8,8,1,simx,52397144,3.5082223947167805
D44,E,8,8,1,xrt,52634006,3.4767343378727436
D65,A,1,1,1,simx,67754907,1.0
D65,A,1,1,1,xrt,67347712,1.0
D65,A,8,1,1,simx,485749645,1.0
D65,A,8,1,1,xrt,482717348,1.0
D65,A,8,2,1,simx,300700918,1.615391293883579
D65,A,8,2,1,xrt,298746752,1.615807853201363
D65,A,8,4,1,simx,207713276,2.3385584896364544
D65,A,8,4,1,xrt,207404739,2.3274171570399846
D65,A,8,8,1,simx,155540698,3.1229745735100147
D65,A,8,8,1,xrt,156207660,3.090228404932255
D65,B,1,1,1,simx,52139014,1.0
D65,B,1,1,1,xrt,51698593,1.0
D65,C,1,1,1,simx,63474777,1.0
D65,C,1,1,1,xrt,63066640,1.0
D65,D,1,1,1,simx,47922026,1.0
D65,D,1,1,1,xrt,47499240,1.0
D65,E,1,1,1,simx,45243225,1.0
D65,E,1,1,1,xrt,44834081,1.0
D65,E,8,1,1,simx,324021323,1.0
D65,E,8,1,1,xrt,321001260,1.0
D65,E,8,2,1,simx,192950518,1.6792975025856112
D65,E,8,2,1,xrt,191641638,1.6750079124245432
D65,E,8,4,1,simx,123612602,2.621264480784896
D65,E,8,4,1,xrt,123047121,2.6087669292156783
D65,E,8,8,1,simx,82447665,3.930024252354509
D65,E,8,8,1,xrt,82693011,3.881842686802153
D87,A,1,1,1,simx,75127003,1.0
D87,A,1,1,1,xrt,74687044,1.0
D87,A,8,1,1,simx,631024173,1.0
D87,A,8,1,1,xrt,627293449,1.0
D87,A,8,2,1,simx,390520655,1.6158535148416158
D87,A,8,2,1,xrt,388837290,1.6132543486248452
D87,A,8,4,1,simx,276747418,2.2801447527868173
D87,A,8,4,1,xrt,276032896,2.272531492043615
D87,A,8,8,1,simx,216218853,2.9184512092476966
D87,A,8,8,1,xrt,217093595,2.8895069382401632
D87,B,1,1,1,simx,53770215,1.0
D87,B,1,1,1,xrt,53326602,1.0
D87,C,1,1,1,simx,72162576,1.0
D87,C,1,1,1,xrt,71765593,1.0
D87,D,1,1,1,simx,50696300,1.0
D87,D,1,1,1,xrt,50293688,1.0
D87,E,1,1,1,simx,48810597,1.0
D87,E,1,1,1,xrt,48439711,1.0
D87,E,8,1,1,simx,411383064,1.0
D87,E,8,1,1,xrt,408226296,1.0
D87,E,8,2,1,simx,244451842,1.6828797878315844
D87,E,8,2,1,xrt,242869250,1.6808480118417626
D87,E,8,4,1,simx,160156799,2.568626911680471
D87,E,8,4,1,xrt,159467188,2.559939139329402
D87,E,8,8,1,simx,110841831,3.711442334437799
D87,E,8,8,1,xrt,111116914,3.6738447937817997
K1024,A,1,1,1,simx,13015628,1.0
K1024,A,1,1,1,xrt,13001148,1.0
K1024,A,8,1,1,simx,104138514,1.0
K1024,A,8,1,1,xrt,104006574,1.0
K1024,A,8,2,1,simx,60258625,1.7281926695141152
K1024,A,8,2,1,xrt,60073421,1.7313243073005615
K1024,A,8,4,1,simx,42542396,2.4478760904768975
K1024,A,8,4,1,xrt,42676485,2.4370932610780853
K1024,A,8,8,1,simx,36399085,2.861020105313087
K1024,A,8,8,1,xrt,36569213,2.844102059292334
K1024,B,1,1,1,simx,8776728,1.0
K1024,B,1,1,1,xrt,8743083,1.0
K1024,C,1,1,1,simx,12620564,1.0
K1024,C,1,1,1,xrt,12601999,1.0
K1024,D,1,1,1,simx,8382293,1.0
K1024,D,1,1,1,xrt,8351344,1.0
K1024,E,1,1,1,simx,8341260,1.0
K1024,E,1,1,1,xrt,8310197,1.0
K1024,E,8,1,1,simx,66720994,1.0
K1024,E,8,1,1,xrt,66466541,1.0
K1024,E,8,2,1,simx,38539151,1.7312523049612587
K1024,E,8,2,1,xrt,38578548,1.7228886115672368
K1024,E,8,4,1,simx,24643867,2.707407648320777
K1024,E,8,4,1,xrt,24858513,2.673793923232657
K1024,E,8,8,1,simx,19445269,3.4312199023834538
K1024,E,8,8,1,xrt,19815139,3.3543313019404004
K512,A,1,1,1,simx,4975687,1.0
K512,A,1,1,1,xrt,4978607,1.0
K512,A,8,1,1,simx,39802837,1.0
K512,A,8,1,1,xrt,39809743,1.0
K512,A,8,2,1,simx,22938831,1.7351728603781074
K512,A,8,2,1,xrt,22886744,1.7394236156964922
K512,A,8,4,1,simx,16193583,2.4579388638079664
K512,A,8,4,1,xrt,16411364,2.4257424916052073
K512,A,8,8,1,simx,13818189,2.880466970020456
K512,A,8,8,1,xrt,13873582,2.869463920709158
K512,B,1,1,1,simx,3379761,1.0
K512,B,1,1,1,xrt,3378665,1.0
K512,C,1,1,1,simx,4750174,1.0
K512,C,1,1,1,xrt,4750053,1.0
K512,D,1,1,1,simx,3156034,1.0
K512,D,1,1,1,xrt,3153843,1.0
K512,E,1,1,1,simx,3134754,1.0
K512,E,1,1,1,xrt,3132449,1.0
K512,E,8,1,1,simx,25068037,1.0
K512,E,8,1,1,xrt,25046024,1.0
K512,E,8,2,1,simx,14370232,1.7444420521533681
K512,E,8,2,1,xrt,14538806,1.7227015753563257
K512,E,8,4,1,simx,9161468,2.7362467456088915
K512,E,8,4,1,xrt,9421509,2.658387738100128
K512,E,8,8,1,simx,7394318,3.390175672726004
K512,E,8,8,1,xrt,7411066,3.3795440493985613
K768,A,1,1,1,simx,8293449,1.0
K768,A,1,1,1,xrt,8278947,1.0
K768,A,8,1,1,simx,66344315,1.0
K768,A,8,1,1,xrt,66225037,1.0
K768,A,8,2,1,simx,38284580,1.7329252403970477
K768,A,8,2,1,xrt,38074839,1.739338595758737
K768,A,8,4,1,simx,26763455,2.4789144376165186
K768,A,8,4,1,xrt,26919885,2.460078748479052
K768,A,8,8,1,simx,22767163,2.9140352269626217
K768,A,8,8,1,xrt,22961702,2.884151923929681
K768,B,1,1,1,simx,5672623,1.0
K768,B,1,1,1,xrt,5651109,1.0
K768,C,1,1,1,simx,7980197,1.0
K768,C,1,1,1,xrt,7968645,1.0
K768,D,1,1,1,simx,5364233,1.0
K768,D,1,1,1,xrt,5342467,1.0
K768,E,1,1,1,simx,5363237,1.0
K768,E,1,1,1,xrt,5343904,1.0
K768,E,8,1,1,simx,42902643,1.0
K768,E,8,1,1,xrt,42748390,1.0
K768,E,8,2,1,simx,24684444,1.738043725027795
K768,E,8,2,1,xrt,25021465,1.708468708766653
K768,E,8,4,1,simx,15537310,2.7612658175707376
K768,E,8,4,1,xrt,15813558,2.7032746204238163
K768,E,8,8,1,simx,12314373,3.4839486346564295
K768,E,8,8,1,xrt,12524861,3.4130829875078055
