parameter,requests,resident,input_start,driver,comparison,baseline_cycles,optimized_cycles,speedup
D44,16,8,1,simx,A/E,190684312,101910037,1.8711043348949035
D44,16,8,1,xrt,A/E,191426207,102300551,1.8712138412626926
D44,1,1,1,simx,A/B,33462750,25456031,1.3145313187275738
D44,1,1,1,simx,A/C,33462750,31427221,1.064769614850769
D44,1,1,1,simx,A/D,33462750,23450259,1.42696718189765
D44,1,1,1,simx,A/E,33462750,22006420,1.5205903549964055
D44,1,1,1,xrt,A/B,33342762,25346182,1.315494459875653
D44,1,1,1,xrt,A/C,33342762,31319175,1.0646117594093714
D44,1,1,1,xrt,A/D,33342762,23353367,1.4277496688164923
D44,1,1,1,xrt,A/E,33342762,21917201,1.5213056630725794
D44,2,2,1,simx,A/B,55859039,42367719,1.318433947317296
D44,2,2,1,simx,A/C,55859039,51325771,1.0883234272311273
D44,2,2,1,simx,A/D,55859039,38015588,1.4693719586817913
D44,2,2,1,simx,A/E,55859039,35724125,1.5636223140524785
D44,2,2,1,xrt,A/E,55644612,35592234,1.5633919466814024
D44,32,8,1,simx,A/E,364878948,192146234,1.8989648686010676
D44,32,8,1,xrt,A/E,366970124,192927777,1.9021113999566792
D44,4,4,1,simx,A/B,73855915,52942059,1.3950329170234954
D44,4,4,1,simx,A/C,73855915,66973521,1.1027629113302853
D44,4,4,1,simx,A/D,73855915,46315854,1.594614125003503
D44,4,4,1,simx,A/E,73855915,43767275,1.6874688908550965
D44,4,4,1,xrt,A/E,74124711,43762621,1.6937904838926352
D44,64,8,1,simx,A/E,770701396,410917558,1.8755620951100853
D44,8,1,1,simx,A/E,278183162,183820834,1.5133385914242996
D44,8,1,1,xrt,A/E,277119982,182994456,1.5143627192727631
D44,8,2,1,simx,A/E,184816876,118205932,1.5635160847934433
D44,8,2,1,xrt,A/E,183989745,117667231,1.5636447245027802
D44,8,4,1,simx,A/E,119858441,70707025,1.6951419042167308
D44,8,4,1,xrt,A/E,120194443,70634054,1.701650070941702
D44,8,8,1,simx,A/B,98102050,64235934,1.5272145027112083
D44,8,8,1,simx,A/C,98102050,88800798,1.1047428875582852
D44,8,8,1,simx,A/D,98102050,55153592,1.7787064530629302
D44,8,8,1,simx,A/E,98102050,52397144,1.8722785730458897
D44,8,8,1,xrt,A/B,98693964,64677407,1.5259418795190722
D44,8,8,1,xrt,A/C,98693964,89165193,1.1068664876887555
D44,8,8,1,xrt,A/D,98693964,55308511,1.7844263426292564
D44,8,8,1,xrt,A/E,98693964,52634006,1.8750988476917376
D44,1,1,1,simx,B/D,25456031,23450259,1.0855330425135177
D44,1,1,1,xrt,B/D,25346182,23353367,1.0853330913696513
D44,2,2,1,simx,B/D,42367719,38015588,1.1144828011077983
D44,4,4,1,simx,B/D,52942059,46315854,1.1430655904563478
D44,8,8,1,simx,B/D,64235934,55153592,1.1646736263342559
D44,8,8,1,xrt,B/D,64677407,55308511,1.1693933868514377
D44,1,1,1,simx,D/E,23450259,22006420,1.0656098992930245
D44,1,1,1,xrt,D/E,23353367,21917201,1.065526889131509
D44,2,2,1,simx,D/E,38015588,35724125,1.06414329252291
D44,4,4,1,simx,D/E,46315854,43767275,1.058230241658865
D44,8,8,1,simx,D/E,55153592,52397144,1.0526068367390407
D44,8,8,1,xrt,D/E,55308511,52634006,1.0508132517977067
D65,16,8,1,simx,A/E,297030915,157399795,1.8871111935056841
D65,1,1,1,simx,A/B,67754907,52139014,1.2995049541980215
D65,1,1,1,simx,A/C,67754907,63474777,1.067430406254125
D65,1,1,1,simx,A/D,67754907,47922026,1.4138573147971665
D65,1,1,1,simx,A/E,67754907,45243225,1.497570232891223
D65,1,1,1,xrt,A/B,67347712,51698593,1.302699127614556
D65,1,1,1,xrt,A/C,67347712,63066640,1.0678817200345538
D65,1,1,1,xrt,A/D,67347712,47499240,1.4178692543291218
D65,1,1,1,xrt,A/E,67347712,44834081,1.5021543990162305
D65,2,2,1,simx,A/B,76151276,56373028,1.3508459400123052
D65,2,2,1,simx,A/C,76151276,70729713,1.0766518450315217
D65,2,2,1,simx,A/D,76151276,50733476,1.5010064754877037
D65,2,2,1,simx,A/E,76151276,48561145,1.5681523983835224
D65,32,8,1,simx,A/E,564729725,299483178,1.8856809546745226
D65,4,4,1,simx,A/B,104139098,73381536,1.419145791660725
D65,4,4,1,simx,A/C,104139098,95184280,1.094078749137988
D65,4,4,1,simx,A/D,104139098,64697770,1.6096242266155387
D65,4,4,1,simx,A/E,104139098,61516291,1.6928702349756424
D65,64,8,1,simx,A/E,1199233722,645430751,1.8580362341613934
D65,8,1,1,simx,A/E,485749645,324021323,1.499128639135888
D65,8,2,1,simx,A/E,300700918,192950518,1.5584354015572013
D65,8,4,1,simx,A/E,207713276,123612602,1.6803567972786464
D65,8,8,1,simx,A/B,155540698,98473234,1.5795225939263862
D65,8,8,1,simx,A/C,155540698,140610538,1.1061809464095784
D65,8,8,1,simx,A/D,155540698,83911133,1.8536360127564957
D65,8,8,1,simx,A/E,155540698,82447665,1.8865385453911885
D65,8,8,1,xrt,A/B,156207660,99251401,1.5738584889093907
D65,8,8,1,xrt,A/C,156207660,141103767,1.1070410331426517
D65,8,8,1,xrt,A/D,156207660,84239834,1.8543206056175277
D65,8,8,1,xrt,A/E,156207660,82693011,1.8890067988938026
D65,1,1,1,simx,B/D,52139014,47922026,1.0879968639055453
D65,1,1,1,xrt,B/D,51698593,47499240,1.0884088461204853
D65,2,2,1,simx,B/D,56373028,50733476,1.111160370718537
D65,4,4,1,simx,B/D,73381536,64697770,1.1342204839517653
D65,8,8,1,simx,B/D,98473234,83911133,1.1735419422831532
D65,8,8,1,xrt,B/D,99251401,84239834,1.1782003392836695
D65,1,1,1,simx,D/E,47922026,45243225,1.0592088870764629
D65,1,1,1,xrt,D/E,47499240,44834081,1.0594449343123593
D65,2,2,1,simx,D/E,50733476,48561145,1.0447339328592848
D65,4,4,1,simx,D/E,64697770,61516291,1.0517176661382266
D65,8,8,1,simx,D/E,83911133,82447665,1.017750266184009
D65,8,8,1,xrt,D/E,84239834,82693011,1.0187056074182617
D87,16,8,1,simx,A/E,420408299,213394676,1.9700974123646833
D87,1,1,1,simx,A/B,75127003,53770215,1.3971862117345077
D87,1,1,1,simx,A/C,75127003,72162576,1.0410798389458824
D87,1,1,1,simx,A/D,75127003,50696300,1.481903077739401
D87,1,1,1,simx,A/E,75127003,48810597,1.5391535366797502
D87,1,1,1,xrt,A/B,74687044,53326602,1.4005588430329763
D87,1,1,1,xrt,A/C,74687044,71765593,1.0407082402287124
D87,1,1,1,xrt,A/D,74687044,50293688,1.4850182392669236
D87,1,1,1,xrt,A/E,74687044,48439711,1.5418556894362974
D87,2,2,1,simx,A/B,122436745,88549201,1.3826973435931962
D87,2,2,1,simx,A/C,122436745,115155225,1.063232215472637
D87,2,2,1,simx,A/D,122436745,81191424,1.5080009558645011
D87,2,2,1,simx,A/E,122436745,77738389,1.5749843362460212
D87,32,8,1,simx,A/E,852278114,434597070,1.9610765300373516
D87,4,4,1,simx,A/B,145753545,96724101,1.5068999710837323
D87,4,4,1,simx,A/C,145753545,136730206,1.0659937497644083
D87,4,4,1,simx,A/D,145753545,87941586,1.657390452339579
D87,4,4,1,simx,A/E,145753545,84846246,1.7178549655573447
D87,64,8,1,simx,A/E,1702166668,867867883,1.9613200365429355
D87,8,1,1,simx,A/E,631024173,411383064,1.5339089724899322
D87,8,2,1,simx,A/E,390520655,244451842,1.5975361519263986
D87,8,4,1,simx,A/E,276747418,160156799,1.7279779549040561
D87,8,8,1,simx,A/B,216218853,128150726,1.6872230048856687
D87,8,8,1,simx,A/C,216218853,201163296,1.0748424652974466
D87,8,8,1,simx,A/D,216218853,113259491,1.9090572550780756
D87,8,8,1,simx,A/E,216218853,110841831,1.95069723270811
D87,8,8,1,xrt,A/B,217093595,128889250,1.6843421386965942
D87,8,8,1,xrt,A/C,217093595,201554713,1.0770951061809206
D87,8,8,1,xrt,A/D,217093595,113618519,1.9107236822898563
D87,8,8,1,xrt,A/E,217093595,111116914,1.9537403189581022
D87,1,1,1,simx,B/D,53770215,50696300,1.0606339121395447
D87,1,1,1,xrt,B/D,53326602,50293688,1.0603040683753397
D87,2,2,1,simx,B/D,88549201,81191424,1.0906225884152494
D87,4,4,1,simx,B/D,96724101,87941586,1.0998675984761066
D87,8,8,1,simx,B/D,128150726,113259491,1.131478915087125
D87,8,8,1,xrt,B/D,128889250,113618519,1.1344035385639906
D87,1,1,1,simx,D/E,50696300,48810597,1.0386330656844864
D87,1,1,1,xrt,D/E,50293688,48439711,1.0382739071254987
D87,2,2,1,simx,D/E,81191424,77738389,1.044418659100332
D87,4,4,1,simx,D/E,87941586,84846246,1.036481755480378
D87,8,8,1,simx,D/E,113259491,110841831,1.0218118013586406
D87,8,8,1,xrt,D/E,113618519,111116914,1.0225132692220016
K1024,16,8,1,simx,A/E,72639115,38822775,1.8710438653599595
K1024,16,8,1,xrt,A/E,73199565,39558147,1.8504295714356893
K1024,1,1,1,simx,A/B,13015628,8776728,1.482970419044546
K1024,1,1,1,simx,A/C,13015628,12620564,1.031303196909425
K1024,1,1,1,simx,A/D,13015628,8382293,1.552752689508706
K1024,1,1,1,simx,A/E,13015628,8341260,1.5603911159704889
K1024,1,1,1,xrt,A/B,13001148,8743083,1.4870209970556152
K1024,1,1,1,xrt,A/C,13001148,12601999,1.031673467042808
K1024,1,1,1,xrt,A/D,13001148,8351344,1.5567731373537002
K1024,1,1,1,xrt,A/E,13001148,8310197,1.564481323366943
K1024,2,2,1,simx,A/B,15061732,10266831,1.467028336202281
K1024,2,2,1,simx,A/C,15061732,14445181,1.0426821235400234
K1024,2,2,1,simx,A/D,15061732,9738255,1.546656151435755
K1024,2,2,1,simx,A/E,15061732,9647798,1.561157478628802
K1024,2,2,1,xrt,A/E,15020784,9640602,1.558075315213718
K1024,32,8,1,simx,A/E,145549783,77911999,1.8681305173545861
K1024,32,8,1,xrt,A/E,146187700,79376729,1.8416946861088217
K1024,4,4,1,simx,A/B,21206968,13321935,1.5918834613740422
K1024,4,4,1,simx,A/C,21206968,20370151,1.0410805496729012
K1024,4,4,1,simx,A/D,21206968,12362731,1.7153950854386462
K1024,4,4,1,simx,A/E,21206968,12303440,1.7236616751087501
K1024,4,4,1,xrt,A/E,21391190,12481055,1.7138927758911406
K1024,64,8,1,simx,A/E,291182513,155465446,1.8729725510837951
K1024,64,8,1,xrt,A/E,292835423,158946995,1.8423463935257158
K1024,8,1,1,simx,A/E,104138514,66720994,1.5608057937506148
K1024,8,1,1,xrt,A/E,104006574,66466541,1.5647959474828095
K1024,8,2,1,simx,A/E,60258625,38539151,1.5635690832940248
K1024,8,2,1,xrt,A/E,60073421,38578548,1.5571716436813536
K1024,8,4,1,simx,A/E,42542396,24643867,1.7262873557952574
K1024,8,4,1,xrt,A/E,42676485,24858513,1.716775456359759
K1024,8,8,1,simx,A/B,36399085,21231648,1.7143786954267517
K1024,8,8,1,simx,A/C,36399085,34673787,1.0497579915340658
K1024,8,8,1,simx,A/D,36399085,19802155,1.8381375663406332
K1024,8,8,1,simx,A/E,36399085,19445269,1.8718735647215783
K1024,8,8,1,xrt,A/B,36569213,21617781,1.6916265827653634
K1024,8,8,1,xrt,A/C,36569213,34894319,1.0479990453460346
K1024,8,8,1,xrt,A/D,36569213,20117692,1.8177638369252298
K1024,8,8,1,xrt,A/E,36569213,19815139,1.8455188732211265
K1024,1,1,1,simx,B/D,8776728,8382293,1.0470557399985898
K1024,1,1,1,xrt,B/D,8743083,8351344,1.046907300190245
K1024,2,2,1,simx,B/D,10266831,9738255,1.0542783075612623
K1024,4,4,1,simx,B/D,13321935,12362731,1.0775883581063117
K1024,8,8,1,simx,B/D,21231648,19802155,1.0721887592537276
K1024,8,8,1,xrt,B/D,21617781,20117692,1.0745656609117984
K1024,1,1,1,simx,D/E,8382293,8341260,1.004919280780122
K1024,1,1,1,xrt,D/E,8351344,8310197,1.0049513868323459
K1024,2,2,1,simx,D/E,9738255,9647798,1.0093759218424765
K1024,4,4,1,simx,D/E,12362731,12303440,1.004819058734793
K1024,8,8,1,simx,D/E,19802155,19445269,1.0183533588555653
K1024,8,8,1,xrt,D/E,20117692,19815139,1.0152687800978837
K512,16,8,1,simx,A/E,27777521,14539807,1.9104463353605725
K512,16,8,1,xrt,A/E,27705004,14812919,1.8703271110845878
K512,1,1,1,simx,A/B,4975687,3379761,1.4722008449709905
K512,1,1,1,simx,A/C,4975687,4750174,1.0474746819800707
K512,1,1,1,simx,A/D,4975687,3156034,1.5765631802445728
K512,1,1,1,simx,A/E,4975687,3134754,1.5872655398158835
K512,1,1,1,xrt,A/B,4978607,3378665,1.4735426566410106
K512,1,1,1,xrt,A/C,4978607,4750053,1.0481160947046275
K512,1,1,1,xrt,A/D,4978607,3153843,1.578584285901359
K512,1,1,1,xrt,A/E,4978607,3132449,1.589365700766397
K512,2,2,1,simx,A/B,5738097,3948289,1.4533123081922321
K512,2,2,1,simx,A/C,5738097,5377934,1.066970513211951
K512,2,2,1,simx,A/D,5738097,3627001,1.5820500187344861
K512,2,2,1,simx,A/E,5738097,3593983,1.5965843466705323
K512,2,2,1,xrt,A/E,5729146,3642282,1.5729550869482374
K512,32,8,1,simx,A/E,55456383,29148266,1.9025619911661298
K512,32,8,1,xrt,A/E,55643231,29636996,1.8774922735084216
K512,4,4,1,simx,A/B,8335935,5240043,1.5908142356847073
K512,4,4,1,simx,A/C,8335935,7640257,1.0910542668918075
K512,4,4,1,simx,A/D,8335935,4746460,1.75624254707719
K512,4,4,1,simx,A/E,8335935,4627802,1.8012730449574117
K512,4,4,1,xrt,A/E,8187945,4708340,1.7390301040281713
K512,64,8,1,simx,A/E,111126213,58594911,1.8965164568643171
K512,64,8,1,xrt,A/E,111235224,59285482,1.8762641416999866
K512,8,1,1,simx,A/E,39802837,25068037,1.5877923349163718
K512,8,1,1,xrt,A/E,39809743,25046024,1.5894635811256907
K512,8,2,1,simx,A/E,22938831,14370232,1.5962742285580358
K512,8,2,1,xrt,A/E,22886744,14538806,1.5741831894586116
K512,8,4,1,simx,A/E,16193583,9161468,1.7675751309724599
K512,8,4,1,xrt,A/E,16411364,9421509,1.7419039773777216
K512,8,8,1,simx,A/B,13818189,8401475,1.6447336925956455
K512,8,8,1,simx,A/C,13818189,13052301,1.0586783893506593
K512,8,8,1,simx,A/D,13818189,7514791,1.8387988435074243
K512,8,8,1,simx,A/E,13818189,7394318,1.868757740740931
K512,8,8,1,xrt,A/B,13873582,8467138,1.6385208319505362
K512,8,8,1,xrt,A/C,13873582,12976230,1.0691535214773473
K512,8,8,1,xrt,A/D,13873582,7564663,1.8339986857312744
K512,8,8,1,xrt,A/E,13873582,7411066,1.8720089660515775
K512,1,1,1,simx,B/D,3379761,3156034,1.0708886532908073
K512,1,1,1,xrt,B/D,3378665,3153843,1.0712850956753395
K512,2,2,1,simx,B/D,3948289,3627001,1.0885822749979943
K512,4,4,1,simx,B/D,5240043,4746460,1.1039897102261476
K512,8,8,1,simx,B/D,8401475,7514791,1.1179918376971496
K512,8,8,1,xrt,B/D,8467138,7564663,1.1193014150134646
K512,1,1,1,simx,D/E,3156034,3134754,1.006788411467056
K512,1,1,1,xrt,D/E,3153843,3132449,1.0068297999424731
K512,2,2,1,simx,D/E,3627001,3593983,1.009187021752746
K512,4,4,1,simx,D/E,4746460,4627802,1.0256402499501924
K512,8,8,1,simx,D/E,7514791,7394318,1.0162926452446324
K512,8,8,1,xrt,D/E,7564663,7411066,1.0207253585381644
K768,16,8,1,simx,A/E,45678773,24708145,1.8487334034991296
K768,16,8,1,xrt,A/E,45820319,25026951,1.8308390422788616
K768,1,1,1,simx,A/B,8293449,5672623,1.4620130757852232
K768,1,1,1,simx,A/C,8293449,7980197,1.039253667547305
K768,1,1,1,simx,A/D,8293449,5364233,1.5460642742401383
K768,1,1,1,simx,A/E,8293449,5363237,1.5463513918926202
K768,1,1,1,xrt,A/B,8278947,5651109,1.4650127966032862
K768,1,1,1,xrt,A/C,8278947,7968645,1.0389403719201946
K768,1,1,1,xrt,A/D,8278947,5342467,1.549648692261459
K768,1,1,1,xrt,A/E,8278947,5343904,1.549231984706312
K768,2,2,1,simx,A/B,9542901,6615688,1.4424653943777277
K768,2,2,1,simx,A/C,9542901,9085194,1.0503794415397183
K768,2,2,1,simx,A/D,9542901,6186476,1.542542313265258
K768,2,2,1,simx,A/E,9542901,6174391,1.5455614974821
K768,2,2,1,xrt,A/E,9522596,6258537,1.5215370620961417
K768,32,8,1,simx,A/E,91127408,49210080,1.8518036955030353
K768,32,8,1,xrt,A/E,91514778,50204175,1.8228519440863236
K768,4,4,1,simx,A/B,13417726,8507168,1.5772259346471118
K768,4,4,1,simx,A/C,13417726,12655524,1.0602268226902338
K768,4,4,1,simx,A/D,13417726,7847608,1.7097854530960261
K768,4,4,1,simx,A/E,13417726,7755020,1.7301987615763725
K768,4,4,1,xrt,A/E,13446505,7983204,1.684349416600152
K768,64,8,1,simx,A/E,182044175,98417256,1.8497180514766638
K768,64,8,1,xrt,A/E,183268699,100482583,1.8238852299407948
K768,8,1,1,simx,A/E,66344315,42902643,1.5463922583976937
K768,8,1,1,xrt,A/E,66225037,42748390,1.5491820159776777
K768,8,2,1,simx,A/E,38284580,24684444,1.5509597866575402
K768,8,2,1,xrt,A/E,38074839,25021465,1.5216870395078785
K768,8,4,1,simx,A/E,26763455,15537310,1.7225282239975903
K768,8,4,1,xrt,A/E,26919885,15813558,1.7023294188442601
K768,8,8,1,simx,A/B,22767163,13498932,1.6865899465231768
K768,8,8,1,simx,A/C,22767163,21457794,1.0610206715564516
K768,8,8,1,simx,A/D,22767163,12261607,1.8567845960158402
K768,8,8,1,simx,A/E,22767163,12314373,1.8488284381186115
K768,8,8,1,xrt,A/B,22961702,13845666,1.6584035755304223
K768,8,8,1,xrt,A/C,22961702,21661942,1.0600020072069254
K768,8,8,1,xrt,A/D,22961702,12538744,1.8312601325938227
K768,8,8,1,xrt,A/E,22961702,12524861,1.8332899662519209
K768,1,1,1,simx,B/D,5672623,5364233,1.0574900456411942
K768,1,1,1,xrt,B/D,5651109,5342467,1.057771437802049
K768,2,2,1,simx,B/D,6615688,6186476,1.0693790778465802
K768,4,4,1,simx,B/D,8507168,7847608,1.0840459921035812
K768,8,8,1,simx,B/D,13498932,12261607,1.1009105087122757
K768,8,8,1,xrt,B/D,13845666,12538744,1.104230694876616
K768,1,1,1,simx,D/E,5364233,5363237,1.0001857087426866
K768,1,1,1,xrt,D/E,5342467,5343904,0.9997310954687809
K768,2,2,1,simx,D/E,6186476,6174391,1.0019572780538193
K768,4,4,1,simx,D/E,7847608,7755020,1.0119391052505344
K768,8,8,1,simx,D/E,12261607,12314373,0.9957150883768098
K768,8,8,1,xrt,D/E,12538744,12524861,1.0011084354548925
